INSERT INTO "Words" ("Id", "WordText", "Pronunciation", "Definition", "CreatedAt", "UpdatedAt") 
              VALUES ('76468031-a225-4c8e-995c-3083d3a1cacf', 'lucky', '''lʌki', 'a. 幸运的, 吉祥的, 好运的, 侥幸的', '2025-03-22T08:59:52.056943+00:00', '2025-03-22T08:59:52.056943+00:00');
INSERT INTO "Words" ("Id", "WordText", "Pronunciation", "Definition", "CreatedAt", "UpdatedAt") 
              VALUES ('54d6d038-f358-4fff-b39f-e90583c8ab4e', 'heaven', '''hevn', 'n. 天堂, 上帝, 天空', '2025-03-22T08:59:52.056943+00:00', '2025-03-22T08:59:52.056943+00:00');
INSERT INTO "Words" ("Id", "WordText", "Pronunciation", "Definition", "CreatedAt", "UpdatedAt") 
              VALUES ('cb6845c3-5257-427f-b238-cf14e3b8f2c8', 'lock', 'lɒk', 'n. 锁, 刹车, 水闸, 一缕头发
vt. 锁, 锁上, 拘禁, 隐藏, (用锁等)拴住, 刹住
vi. 锁住, (齿轮等)啮合, (船)过闸', '2025-03-22T08:59:52.056943+00:00', '2025-03-22T08:59:52.056943+00:00');
INSERT INTO "Words" ("Id", "WordText", "Pronunciation", "Definition", "CreatedAt", "UpdatedAt") 
              VALUES ('de6f9cd4-fcaa-4ee4-b978-59b5c0af5b78', 'shy', 'ʃai', 'n. 惊跳, 惊避
a. 胆怯的, 畏缩的, 迟疑的, 羞怯的
vi. 惊退, 乱投, 乱掷, 厌恶, 避开
vt. 乱投, 乱掷', '2025-03-22T08:59:52.056943+00:00', '2025-03-22T08:59:52.056943+00:00');
INSERT INTO "Words" ("Id", "WordText", "Pronunciation", "Definition", "CreatedAt", "UpdatedAt") 
              VALUES ('888c98bc-a135-4bac-b2a3-fed4829cf720', 'bucket', '''bʌkit', 'n. 桶
[计] 存储桶; 桶', '2025-03-22T08:59:52.056943+00:00', '2025-03-22T08:59:52.056943+00:00');
INSERT INTO "Words" ("Id", "WordText", "Pronunciation", "Definition", "CreatedAt", "UpdatedAt") 
              VALUES ('6a96eb17-d46c-41b7-b4f1-74a1f1827840', 'logical', '''lɒdʒikәl', 'a. 合乎逻辑的, 合理的
[法] 逻辑的, 符合逻辑的', '2025-03-22T08:59:52.056943+00:00', '2025-03-22T08:59:52.056943+00:00');
INSERT INTO "Words" ("Id", "WordText", "Pronunciation", "Definition", "CreatedAt", "UpdatedAt") 
              VALUES ('72f274f4-df1f-44af-aec8-a6a2692ca4f1', 'shop', 'ʃɒp', 'n. 商店, 工厂, 车间
vi. 购物, 到处寻找
vt. 选购', '2025-03-22T08:59:52.056943+00:00', '2025-03-22T08:59:52.056943+00:00');
INSERT INTO "Words" ("Id", "WordText", "Pronunciation", "Definition", "CreatedAt", "UpdatedAt") 
              VALUES ('960c8e4c-f625-4355-9ba6-316896350f0e', 'special', '''speʃәl', 'n. 专辑, 专车, 号外, 特别的东西, 负有特别任务的人员
a. 特别的, 专门的, 特殊的, 额外的, 附加的, 特别亲密的', '2025-03-22T08:59:52.056943+00:00', '2025-03-22T08:59:52.056943+00:00');
INSERT INTO "Words" ("Id", "WordText", "Pronunciation", "Definition", "CreatedAt", "UpdatedAt") 
              VALUES ('971e15ae-4c23-4386-b5b2-ac945187c555', 'bubble', '''bʌbl', 'n. 泡沫
vi. 冒泡, 沸腾
vt. 使冒泡, 滔滔不绝地说', '2025-03-22T08:59:52.056943+00:00', '2025-03-22T08:59:52.056943+00:00');
INSERT INTO "Words" ("Id", "WordText", "Pronunciation", "Definition", "CreatedAt", "UpdatedAt") 
              VALUES ('77062ed5-5acd-41b7-bcfb-bdc35f2e0e5c', 'monkey', '''mʌŋki', 'n. 猴子, 猿, 打桩锤
vi. 淘气, 胡闹
vt. 嘲弄', '2025-03-22T08:59:52.056943+00:00', '2025-03-22T08:59:52.056943+00:00');
INSERT INTO "Words" ("Id", "WordText", "Pronunciation", "Definition", "CreatedAt", "UpdatedAt") 
              VALUES ('4c1d2216-7b97-475d-8004-423f53af5f53', 'airline', '''єәlain', 'n. 航线, 航线的设备, 航空公司', '2025-03-22T08:59:52.056943+00:00', '2025-03-22T08:59:52.056943+00:00');
INSERT INTO "Words" ("Id", "WordText", "Pronunciation", "Definition", "CreatedAt", "UpdatedAt") 
              VALUES ('875bd732-dc1b-416d-b7ce-c4213cd50c3f', 'monitor', '''mɒnitә', 'n. 监督器, 级长, 监听员, 班长, 监视器, 告诫物
v. 监视, 监听, 监督
[计] 监视器, 监视程序; 监视', '2025-03-22T08:59:52.056943+00:00', '2025-03-22T08:59:52.056943+00:00');
INSERT INTO "Words" ("Id", "WordText", "Pronunciation", "Definition", "CreatedAt", "UpdatedAt") 
              VALUES ('625f4beb-fbcb-40a1-9638-03770b56b246', 'view', 'vju:', 'n. 视野, 风景, 见解, 视力, 观看, 视图, 指望, 意图, 印象
vt. 看, 考虑, 视察, 查看, 估量
[计] 视图', '2025-03-22T08:59:52.056943+00:00', '2025-03-22T08:59:52.056943+00:00');
INSERT INTO "Words" ("Id", "WordText", "Pronunciation", "Definition", "CreatedAt", "UpdatedAt") 
              VALUES ('1f22178e-9f6b-4a4b-8087-8837b2abf0cd', 'phone', 'fәun', 'n. 电话, 受话器, 耳机
vt. 打电话给
vi. 打电话', '2025-03-22T08:59:52.056943+00:00', '2025-03-22T08:59:52.056943+00:00');
INSERT INTO "Words" ("Id", "WordText", "Pronunciation", "Definition", "CreatedAt", "UpdatedAt") 
              VALUES ('67ea30ea-e5a1-466b-b739-86ad6bc047e9', 'radius', '''reidiәs', 'n. 半径, 范围, 辐射光线
[电] 半径', '2025-03-22T08:59:52.056943+00:00', '2025-03-22T08:59:52.056943+00:00');
INSERT INTO "Words" ("Id", "WordText", "Pronunciation", "Definition", "CreatedAt", "UpdatedAt") 
              VALUES ('76643b6d-ea33-4a1d-ac6a-c35733c689d8', 'spaceship', '''speisʃip', 'n. 宇宙飞船', '2025-03-22T08:59:52.056943+00:00', '2025-03-22T08:59:52.056943+00:00');
INSERT INTO "Words" ("Id", "WordText", "Pronunciation", "Definition", "CreatedAt", "UpdatedAt") 
              VALUES ('ae7ba71e-66a7-49d7-96c9-4795d7431f5e', 'furniture', '''fәnitʃә', 'n. 家具, 帆具', '2025-03-22T08:59:52.056943+00:00', '2025-03-22T08:59:52.056943+00:00');
INSERT INTO "Words" ("Id", "WordText", "Pronunciation", "Definition", "CreatedAt", "UpdatedAt") 
              VALUES ('560aa0c5-13f8-47a2-aa9e-115f3a084de1', 'memorial', 'mi''mɒ:riәl', 'n. 纪念物, 请愿书
a. 记念的, 记忆的', '2025-03-22T08:59:52.056943+00:00', '2025-03-22T08:59:52.056943+00:00');
INSERT INTO "Words" ("Id", "WordText", "Pronunciation", "Definition", "CreatedAt", "UpdatedAt") 
              VALUES ('ab484cb3-78db-43ea-b174-084e9c09cdc7', 'bird', 'bә:d', 'n. 鸟, 羽毛球
vi. 打鸟', '2025-03-22T08:59:52.056943+00:00', '2025-03-22T08:59:52.056943+00:00');
INSERT INTO "Words" ("Id", "WordText", "Pronunciation", "Definition", "CreatedAt", "UpdatedAt") 
              VALUES ('7c5bb4a2-8a9b-4e39-9e38-8df309d25be5', 'economic', '.i:kә''nɒmik', 'a. 经济上的, 实用的, 节省的
[经] 经济的', '2025-03-22T08:59:52.056943+00:00', '2025-03-22T08:59:52.056943+00:00');
INSERT INTO "Words" ("Id", "WordText", "Pronunciation", "Definition", "CreatedAt", "UpdatedAt") 
              VALUES ('e8e75181-75f4-49c3-b91e-47c246d563af', 'soft', 'sɒft', 'a. 软的, 温和的, 柔和的, 柔滑的, 温柔的, 软弱的, 坡度小的, 笨的, 纸币的
n. 柔软的东西, 笨人, 纸币
adv. 柔软地, 温和地', '2025-03-22T08:59:52.056943+00:00', '2025-03-22T08:59:52.056943+00:00');
INSERT INTO "Words" ("Id", "WordText", "Pronunciation", "Definition", "CreatedAt", "UpdatedAt") 
              VALUES ('eea59606-6521-44b3-80a0-4d464077cf8d', 'cry', 'krai', 'n. 叫声, 哭声, 大叫
vi. 哭, 叫, 喊
vt. 叫喊, 大声说, 哭出', '2025-03-22T08:59:52.056943+00:00', '2025-03-22T08:59:52.056943+00:00');
INSERT INTO "Words" ("Id", "WordText", "Pronunciation", "Definition", "CreatedAt", "UpdatedAt") 
              VALUES ('aa86622e-64ea-4622-a4e3-cb6b0820bbd8', 'sentence', '''sentәns', 'n. 句子, 命题, 宣判
vt. 宣判, 判决
[计] 句子', '2025-03-22T08:59:52.056943+00:00', '2025-03-22T08:59:52.056943+00:00');
INSERT INTO "Words" ("Id", "WordText", "Pronunciation", "Definition", "CreatedAt", "UpdatedAt") 
              VALUES ('32fef6cd-2fea-48fc-9f7d-bf9e0d731a52', 'physics', '''fiziks', 'n. 物理学, 物理过程, 物理现象
[化] 物理; 物理学', '2025-03-22T08:59:52.056943+00:00', '2025-03-22T08:59:52.056943+00:00');
INSERT INTO "Words" ("Id", "WordText", "Pronunciation", "Definition", "CreatedAt", "UpdatedAt") 
              VALUES ('245759d0-eed2-4563-918e-ce1b852b7cb2', 'office', '''ɒfis', 'n. 办公室, 部, 公职, 职责
[化] 办公室', '2025-03-22T08:59:52.056943+00:00', '2025-03-22T08:59:52.056943+00:00');
INSERT INTO "Words" ("Id", "WordText", "Pronunciation", "Definition", "CreatedAt", "UpdatedAt") 
              VALUES ('9d172de1-5485-49a2-807d-68ea153f815d', 'rail', 'reil', 'n. 横杆, 围栏, 栏杆, 铁轨, 扶手, 秧鸡
vt. 以横木围栏, 给...铺铁轨
vi. 责骂, 抱怨', '2025-03-22T08:59:52.056943+00:00', '2025-03-22T08:59:52.056943+00:00');
INSERT INTO "Words" ("Id", "WordText", "Pronunciation", "Definition", "CreatedAt", "UpdatedAt") 
              VALUES ('ebf9abcf-d30f-43f8-9d84-145a3910cb65', 'hotel', 'hәu''tel', 'n. 旅馆, 客栈', '2025-03-22T08:59:52.056943+00:00', '2025-03-22T08:59:52.056943+00:00');
INSERT INTO "Words" ("Id", "WordText", "Pronunciation", "Definition", "CreatedAt", "UpdatedAt") 
              VALUES ('487f4485-fe5d-4e3b-8af3-21a9edb915ed', 'strawberry', '''strɒ:bәri', 'n. 草莓', '2025-03-22T08:59:52.056943+00:00', '2025-03-22T08:59:52.056943+00:00');
INSERT INTO "Words" ("Id", "WordText", "Pronunciation", "Definition", "CreatedAt", "UpdatedAt") 
              VALUES ('f564a559-5648-4822-b563-a2615f0c03e3', 'bloom', 'blu:m', 'n. 花, 开花, 青春, 钢块
vi. 开花, 焕发青春, 茂盛
vt. 使茂盛, 把...轧成钢坯', '2025-03-22T08:59:52.056943+00:00', '2025-03-22T08:59:52.056943+00:00');
INSERT INTO "Words" ("Id", "WordText", "Pronunciation", "Definition", "CreatedAt", "UpdatedAt") 
              VALUES ('616ec711-8771-4fe4-a6eb-c6f4e0e09728', 'candy', '''kændi', 'n. 糖果, 冰糖
vt. 用糖煮, 使结晶为砂糖
vi. 结晶为砂糖', '2025-03-22T08:59:52.056943+00:00', '2025-03-22T08:59:52.056943+00:00');
INSERT INTO "Words" ("Id", "WordText", "Pronunciation", "Definition", "CreatedAt", "UpdatedAt") 
              VALUES ('941c348e-5a39-4057-8ca8-39388f9f96e1', 'helmet', '''helmit', 'n. 钢盔, 盔, 防护帽
vt. 给...戴头盔', '2025-03-22T08:59:52.056943+00:00', '2025-03-22T08:59:52.056943+00:00');
INSERT INTO "Words" ("Id", "WordText", "Pronunciation", "Definition", "CreatedAt", "UpdatedAt") 
              VALUES ('4ef0a5a8-8e43-4369-bd78-a8f6143d9331', 'mountain', '''mauntin', 'n. 山, 山脉, 大堆', '2025-03-22T08:59:52.056943+00:00', '2025-03-22T08:59:52.056943+00:00');
INSERT INTO "Words" ("Id", "WordText", "Pronunciation", "Definition", "CreatedAt", "UpdatedAt") 
              VALUES ('ae9a94a7-9b8c-4156-ba6d-29bf675c9d04', 'ceiling', '''si:liŋ', 'n. 天花板
[经] 顶点, 顶线, 上限', '2025-03-22T08:59:52.056943+00:00', '2025-03-22T08:59:52.056943+00:00');
INSERT INTO "Words" ("Id", "WordText", "Pronunciation", "Definition", "CreatedAt", "UpdatedAt") 
              VALUES ('fd71a8ca-d1e7-4506-a097-6ee37e84c994', 'system', '''sistәm', 'n. 系统, 体系, 制度, 方式, 秩序, 分类原则
[计] 系统; 体制; 体系', '2025-03-22T08:59:52.056943+00:00', '2025-03-22T08:59:52.056943+00:00');
INSERT INTO "Words" ("Id", "WordText", "Pronunciation", "Definition", "CreatedAt", "UpdatedAt") 
              VALUES ('b8916921-79d2-4e45-92e1-50522ff449de', 'narrow', '''nærәu', 'n. 狭窄部分, 隘路
a. 狭窄的, 仔细的, 有限的, 勉强的, 狭隘的, 手紧的
vi. 变窄
vt. 使变狭窄', '2025-03-22T08:59:52.056943+00:00', '2025-03-22T08:59:52.056943+00:00');
INSERT INTO "Words" ("Id", "WordText", "Pronunciation", "Definition", "CreatedAt", "UpdatedAt") 
              VALUES ('4eebbec9-ce19-4876-abde-6c9a5c62d2a6', 'stone', 'stәun', 'n. 石头, 宝石, 果核, 纪念碑, 结石
vt. 投扔石子, 铺石头
a. 石的, 石制的, 完全的', '2025-03-22T08:59:52.056943+00:00', '2025-03-22T08:59:52.056943+00:00');
INSERT INTO "Words" ("Id", "WordText", "Pronunciation", "Definition", "CreatedAt", "UpdatedAt") 
              VALUES ('c16561b4-65b3-4477-b7be-0a7ecd694101', 'planet', '''plænit', 'n. 行星, 命运星辰, 杰出的人, 重大影响的事', '2025-03-22T08:59:52.056943+00:00', '2025-03-22T08:59:52.056943+00:00');
INSERT INTO "Words" ("Id", "WordText", "Pronunciation", "Definition", "CreatedAt", "UpdatedAt") 
              VALUES ('809f2081-a9fb-4378-a4e7-cd7138dd24fa', 'market', '''mɑ:kit', 'n. 市场, 交易, 集市, 推销地区, 行情, 市面, 销路
vt. 在市场上交易, 使上市, 销售
vi. 在市场上买卖', '2025-03-22T08:59:52.056943+00:00', '2025-03-22T08:59:52.056943+00:00');
INSERT INTO "Words" ("Id", "WordText", "Pronunciation", "Definition", "CreatedAt", "UpdatedAt") 
              VALUES ('90f40a20-9ee0-43bd-aaf0-484a92e48d13', 'girl', 'gә:l', 'n. 女孩, 少女, 女佣', '2025-03-22T08:59:52.056943+00:00', '2025-03-22T08:59:52.056943+00:00');
INSERT INTO "Words" ("Id", "WordText", "Pronunciation", "Definition", "CreatedAt", "UpdatedAt") 
              VALUES ('f7e13544-f291-4c35-9b89-75cfc18de440', 'engine', '''endʒin', 'n. 引擎, 发动机, 机车
vt. 安装发动机于', '2025-03-22T08:59:52.056943+00:00', '2025-03-22T08:59:52.056943+00:00');
INSERT INTO "Words" ("Id", "WordText", "Pronunciation", "Definition", "CreatedAt", "UpdatedAt") 
              VALUES ('54af8d39-6468-412b-bc9f-9179c1d5de80', 'viewpoint', '''vju:pɒint', 'n. 观点', '2025-03-22T08:59:52.056943+00:00', '2025-03-22T08:59:52.056943+00:00');
INSERT INTO "Words" ("Id", "WordText", "Pronunciation", "Definition", "CreatedAt", "UpdatedAt") 
              VALUES ('3ff4f691-faae-41be-bdc3-88583d7e282f', 'CORE', 'kɒ:', 'n. 核心, 果心, 要点
vt. 挖...的核
[计] 内核, 核心网', '2025-03-22T08:59:52.056943+00:00', '2025-03-22T08:59:52.056943+00:00');
INSERT INTO "Words" ("Id", "WordText", "Pronunciation", "Definition", "CreatedAt", "UpdatedAt") 
              VALUES ('841c12b4-db10-42e8-a0fb-29b9c93b5d70', 'magnet', '''mægnit', 'n. 磁铁, 有吸引力之人, 有吸引力之物
[化] 磁体', '2025-03-22T08:59:52.056943+00:00', '2025-03-22T08:59:52.056943+00:00');
INSERT INTO "Words" ("Id", "WordText", "Pronunciation", "Definition", "CreatedAt", "UpdatedAt") 
              VALUES ('cae5e998-a8c5-4301-af82-0945f91b73c2', 'fox', 'fɒks', 'n. 狐狸, 狡猾的人
vi. 奸狡地行动, (书页)生斑, 变酸
vt. 欺骗, 使变酸, 为(鞋等)换面, 使生黄斑', '2025-03-22T08:59:52.056943+00:00', '2025-03-22T08:59:52.056943+00:00');
INSERT INTO "Words" ("Id", "WordText", "Pronunciation", "Definition", "CreatedAt", "UpdatedAt") 
              VALUES ('37a5c15f-d572-4c5b-9b25-30d0c7d10bd8', 'fate', 'feit', 'n. 命运, 运气
vt. 注定', '2025-03-22T08:59:52.056943+00:00', '2025-03-22T08:59:52.056943+00:00');
INSERT INTO "Words" ("Id", "WordText", "Pronunciation", "Definition", "CreatedAt", "UpdatedAt") 
              VALUES ('849e1242-98f2-4922-bbf7-d835fa3250ed', 'robot', '''rәubәt', 'n. 机械人, 自动机械, 机械般工作的人
[计] 机器人; 自动机', '2025-03-22T08:59:52.056943+00:00', '2025-03-22T08:59:52.056943+00:00');
INSERT INTO "Words" ("Id", "WordText", "Pronunciation", "Definition", "CreatedAt", "UpdatedAt") 
              VALUES ('b542fd3c-8596-4e02-8a50-a38f4beae986', 'nature', '''neitʃә', 'n. 自然, 大自然, 本性, 性格, 性质
[医] 自然, 大自然; 本性, 性能', '2025-03-22T08:59:52.056943+00:00', '2025-03-22T08:59:52.056943+00:00');
INSERT INTO "Words" ("Id", "WordText", "Pronunciation", "Definition", "CreatedAt", "UpdatedAt") 
              VALUES ('0a7b32ff-4e4c-47f5-a049-2ef4f48952b3', 'circuit', '''sә:kit', 'n. 电路, 环(行)道, 巡回
[计] 线路; 电路', '2025-03-22T08:59:52.056943+00:00', '2025-03-22T08:59:52.056943+00:00');
INSERT INTO "Words" ("Id", "WordText", "Pronunciation", "Definition", "CreatedAt", "UpdatedAt") 
              VALUES ('2b0f9d58-8e27-402d-b27a-0de14d17aedd', 'repair', 'ri''pєә', 'n. 修理, 补救, 修复
vt. 修理, 修补, 补救, 恢复, 补偿
vi. 修理, 修补, 补救, 恢复, 去, 常去, 集合', '2025-03-22T08:59:52.056943+00:00', '2025-03-22T08:59:52.056943+00:00');
INSERT INTO "Words" ("Id", "WordText", "Pronunciation", "Definition", "CreatedAt", "UpdatedAt") 
              VALUES ('7d799d70-cda2-42b3-98b5-650ac1fd0a7e', 'team', 'ti:m', 'n. 队, 组
vt. 把马(牛)套在同一辆车上, 把...编成一组
vi. 驾驶卡车, 协作', '2025-03-22T08:59:52.056943+00:00', '2025-03-22T08:59:52.056943+00:00');
INSERT INTO "WordDistractors" ("Id", "WordId", "DistractorId", "CreatedAt", "UpdatedAt") 
                  VALUES ('28b8403f-329a-4acf-9bba-19da4dc74595', '76468031-a225-4c8e-995c-3083d3a1cacf', 'eea59606-6521-44b3-80a0-4d464077cf8d', '2025-03-22T08:59:52.056943+00:00', '2025-03-22T08:59:52.056943+00:00');
INSERT INTO "WordDistractors" ("Id", "WordId", "DistractorId", "CreatedAt", "UpdatedAt") 
                  VALUES ('597416d1-dc14-49aa-b891-eebc4db08724', '76468031-a225-4c8e-995c-3083d3a1cacf', '3ff4f691-faae-41be-bdc3-88583d7e282f', '2025-03-22T08:59:52.056943+00:00', '2025-03-22T08:59:52.056943+00:00');
INSERT INTO "WordDistractors" ("Id", "WordId", "DistractorId", "CreatedAt", "UpdatedAt") 
                  VALUES ('59468621-879d-407d-8b7c-3bef377a38b9', '76468031-a225-4c8e-995c-3083d3a1cacf', '54d6d038-f358-4fff-b39f-e90583c8ab4e', '2025-03-22T08:59:52.056943+00:00', '2025-03-22T08:59:52.056943+00:00');
INSERT INTO "WordDistractors" ("Id", "WordId", "DistractorId", "CreatedAt", "UpdatedAt") 
                  VALUES ('418385da-bf11-4030-9857-7ee3454d5dd8', '54d6d038-f358-4fff-b39f-e90583c8ab4e', 'aa86622e-64ea-4622-a4e3-cb6b0820bbd8', '2025-03-22T08:59:52.056943+00:00', '2025-03-22T08:59:52.056943+00:00');
INSERT INTO "WordDistractors" ("Id", "WordId", "DistractorId", "CreatedAt", "UpdatedAt") 
                  VALUES ('d0aca261-e9d2-4488-bd5a-cbf878d2cd8b', '54d6d038-f358-4fff-b39f-e90583c8ab4e', '37a5c15f-d572-4c5b-9b25-30d0c7d10bd8', '2025-03-22T08:59:52.056943+00:00', '2025-03-22T08:59:52.056943+00:00');
INSERT INTO "WordDistractors" ("Id", "WordId", "DistractorId", "CreatedAt", "UpdatedAt") 
                  VALUES ('0e93a8fd-e26c-4281-83cc-f2b4f7b6d3b3', '54d6d038-f358-4fff-b39f-e90583c8ab4e', 'eea59606-6521-44b3-80a0-4d464077cf8d', '2025-03-22T08:59:52.056943+00:00', '2025-03-22T08:59:52.056943+00:00');
INSERT INTO "WordDistractors" ("Id", "WordId", "DistractorId", "CreatedAt", "UpdatedAt") 
                  VALUES ('796c7b43-f10f-4bd6-9c9d-994a190ee0cf', 'cb6845c3-5257-427f-b238-cf14e3b8f2c8', 'f7e13544-f291-4c35-9b89-75cfc18de440', '2025-03-22T08:59:52.056943+00:00', '2025-03-22T08:59:52.056943+00:00');
INSERT INTO "WordDistractors" ("Id", "WordId", "DistractorId", "CreatedAt", "UpdatedAt") 
                  VALUES ('b68b56a6-58fe-4fe9-88a5-1792927db326', 'cb6845c3-5257-427f-b238-cf14e3b8f2c8', '2b0f9d58-8e27-402d-b27a-0de14d17aedd', '2025-03-22T08:59:52.056943+00:00', '2025-03-22T08:59:52.056943+00:00');
INSERT INTO "WordDistractors" ("Id", "WordId", "DistractorId", "CreatedAt", "UpdatedAt") 
                  VALUES ('af692d5d-3883-4b76-b98c-2c16709f8354', 'cb6845c3-5257-427f-b238-cf14e3b8f2c8', '560aa0c5-13f8-47a2-aa9e-115f3a084de1', '2025-03-22T08:59:52.056943+00:00', '2025-03-22T08:59:52.056943+00:00');
INSERT INTO "WordDistractors" ("Id", "WordId", "DistractorId", "CreatedAt", "UpdatedAt") 
                  VALUES ('fea8d3b3-221a-4d78-859c-d5648f2e8c99', 'de6f9cd4-fcaa-4ee4-b978-59b5c0af5b78', '809f2081-a9fb-4378-a4e7-cd7138dd24fa', '2025-03-22T08:59:52.056943+00:00', '2025-03-22T08:59:52.056943+00:00');
INSERT INTO "WordDistractors" ("Id", "WordId", "DistractorId", "CreatedAt", "UpdatedAt") 
                  VALUES ('caaf0dbb-cc73-4bb2-96dd-8f4a5729b615', 'de6f9cd4-fcaa-4ee4-b978-59b5c0af5b78', '76468031-a225-4c8e-995c-3083d3a1cacf', '2025-03-22T08:59:52.056943+00:00', '2025-03-22T08:59:52.056943+00:00');
INSERT INTO "WordDistractors" ("Id", "WordId", "DistractorId", "CreatedAt", "UpdatedAt") 
                  VALUES ('ad234285-ac42-42d0-99bd-bf70c36df846', 'de6f9cd4-fcaa-4ee4-b978-59b5c0af5b78', '841c12b4-db10-42e8-a0fb-29b9c93b5d70', '2025-03-22T08:59:52.056943+00:00', '2025-03-22T08:59:52.056943+00:00');
INSERT INTO "WordDistractors" ("Id", "WordId", "DistractorId", "CreatedAt", "UpdatedAt") 
                  VALUES ('2579eefc-d4b7-4d62-aae4-eaa6c4b8efab', '888c98bc-a135-4bac-b2a3-fed4829cf720', '841c12b4-db10-42e8-a0fb-29b9c93b5d70', '2025-03-22T08:59:52.056943+00:00', '2025-03-22T08:59:52.056943+00:00');
INSERT INTO "WordDistractors" ("Id", "WordId", "DistractorId", "CreatedAt", "UpdatedAt") 
                  VALUES ('77397759-dabe-466a-9161-e24aeaf4269a', '888c98bc-a135-4bac-b2a3-fed4829cf720', '90f40a20-9ee0-43bd-aaf0-484a92e48d13', '2025-03-22T08:59:52.056943+00:00', '2025-03-22T08:59:52.056943+00:00');
INSERT INTO "WordDistractors" ("Id", "WordId", "DistractorId", "CreatedAt", "UpdatedAt") 
                  VALUES ('02ceec1f-3815-422e-af0c-43e168622350', '888c98bc-a135-4bac-b2a3-fed4829cf720', '67ea30ea-e5a1-466b-b739-86ad6bc047e9', '2025-03-22T08:59:52.056943+00:00', '2025-03-22T08:59:52.056943+00:00');
INSERT INTO "WordDistractors" ("Id", "WordId", "DistractorId", "CreatedAt", "UpdatedAt") 
                  VALUES ('dd94a949-bcdb-4125-9cb0-cf6fe8b22be1', '6a96eb17-d46c-41b7-b4f1-74a1f1827840', 'ab484cb3-78db-43ea-b174-084e9c09cdc7', '2025-03-22T08:59:52.056943+00:00', '2025-03-22T08:59:52.056943+00:00');
INSERT INTO "WordDistractors" ("Id", "WordId", "DistractorId", "CreatedAt", "UpdatedAt") 
                  VALUES ('7f083b84-8df2-4174-ad45-e3846e4de62a', '6a96eb17-d46c-41b7-b4f1-74a1f1827840', '7c5bb4a2-8a9b-4e39-9e38-8df309d25be5', '2025-03-22T08:59:52.056943+00:00', '2025-03-22T08:59:52.056943+00:00');
INSERT INTO "WordDistractors" ("Id", "WordId", "DistractorId", "CreatedAt", "UpdatedAt") 
                  VALUES ('96e6acc8-fa1c-4c24-8a03-ae28f0dca335', '6a96eb17-d46c-41b7-b4f1-74a1f1827840', 'e8e75181-75f4-49c3-b91e-47c246d563af', '2025-03-22T08:59:52.056943+00:00', '2025-03-22T08:59:52.056943+00:00');
INSERT INTO "WordDistractors" ("Id", "WordId", "DistractorId", "CreatedAt", "UpdatedAt") 
                  VALUES ('f57ca34d-3017-44b1-a75f-4482419feaea', '72f274f4-df1f-44af-aec8-a6a2692ca4f1', 'eea59606-6521-44b3-80a0-4d464077cf8d', '2025-03-22T08:59:52.056943+00:00', '2025-03-22T08:59:52.056943+00:00');
INSERT INTO "WordDistractors" ("Id", "WordId", "DistractorId", "CreatedAt", "UpdatedAt") 
                  VALUES ('f7e7df62-f3e5-41c7-9a34-4e32cc72be09', '72f274f4-df1f-44af-aec8-a6a2692ca4f1', 'cae5e998-a8c5-4301-af82-0945f91b73c2', '2025-03-22T08:59:52.056943+00:00', '2025-03-22T08:59:52.056943+00:00');
INSERT INTO "WordDistractors" ("Id", "WordId", "DistractorId", "CreatedAt", "UpdatedAt") 
                  VALUES ('267c9147-fa37-4731-bbc0-1b3e6ddd0467', '72f274f4-df1f-44af-aec8-a6a2692ca4f1', '7d799d70-cda2-42b3-98b5-650ac1fd0a7e', '2025-03-22T08:59:52.056943+00:00', '2025-03-22T08:59:52.056943+00:00');
INSERT INTO "WordDistractors" ("Id", "WordId", "DistractorId", "CreatedAt", "UpdatedAt") 
                  VALUES ('305f31d8-a71a-4c2b-b298-ce3c6f94b376', '960c8e4c-f625-4355-9ba6-316896350f0e', 'fd71a8ca-d1e7-4506-a097-6ee37e84c994', '2025-03-22T08:59:52.056943+00:00', '2025-03-22T08:59:52.056943+00:00');
INSERT INTO "WordDistractors" ("Id", "WordId", "DistractorId", "CreatedAt", "UpdatedAt") 
                  VALUES ('dcd5b353-fdcc-49dd-bc82-361466a7fa7d', '960c8e4c-f625-4355-9ba6-316896350f0e', 'f564a559-5648-4822-b563-a2615f0c03e3', '2025-03-22T08:59:52.056943+00:00', '2025-03-22T08:59:52.056943+00:00');
INSERT INTO "WordDistractors" ("Id", "WordId", "DistractorId", "CreatedAt", "UpdatedAt") 
                  VALUES ('59530ef9-3b5b-4ba9-87b3-ea74d41cc692', '960c8e4c-f625-4355-9ba6-316896350f0e', 'ab484cb3-78db-43ea-b174-084e9c09cdc7', '2025-03-22T08:59:52.056943+00:00', '2025-03-22T08:59:52.056943+00:00');
INSERT INTO "WordDistractors" ("Id", "WordId", "DistractorId", "CreatedAt", "UpdatedAt") 
                  VALUES ('51e5cf46-90e9-44ad-980d-a88c2bf20bd1', '971e15ae-4c23-4386-b5b2-ac945187c555', '960c8e4c-f625-4355-9ba6-316896350f0e', '2025-03-22T08:59:52.056943+00:00', '2025-03-22T08:59:52.056943+00:00');
INSERT INTO "WordDistractors" ("Id", "WordId", "DistractorId", "CreatedAt", "UpdatedAt") 
                  VALUES ('6e6dedd9-c83e-4999-9669-ffdc17b3f60f', '971e15ae-4c23-4386-b5b2-ac945187c555', '2b0f9d58-8e27-402d-b27a-0de14d17aedd', '2025-03-22T08:59:52.056943+00:00', '2025-03-22T08:59:52.056943+00:00');
INSERT INTO "WordDistractors" ("Id", "WordId", "DistractorId", "CreatedAt", "UpdatedAt") 
                  VALUES ('ab3bd42c-a3b8-43cc-949f-3df9f0d815db', '971e15ae-4c23-4386-b5b2-ac945187c555', '875bd732-dc1b-416d-b7ce-c4213cd50c3f', '2025-03-22T08:59:52.056943+00:00', '2025-03-22T08:59:52.056943+00:00');
INSERT INTO "WordDistractors" ("Id", "WordId", "DistractorId", "CreatedAt", "UpdatedAt") 
                  VALUES ('4e870958-53c8-4c4d-b431-c625bd04e356', '77062ed5-5acd-41b7-bcfb-bdc35f2e0e5c', 'cae5e998-a8c5-4301-af82-0945f91b73c2', '2025-03-22T08:59:52.056943+00:00', '2025-03-22T08:59:52.056943+00:00');
INSERT INTO "WordDistractors" ("Id", "WordId", "DistractorId", "CreatedAt", "UpdatedAt") 
                  VALUES ('82a1b931-43f5-4236-b6be-485fd7b2cee8', '77062ed5-5acd-41b7-bcfb-bdc35f2e0e5c', 'b8916921-79d2-4e45-92e1-50522ff449de', '2025-03-22T08:59:52.056943+00:00', '2025-03-22T08:59:52.056943+00:00');
INSERT INTO "WordDistractors" ("Id", "WordId", "DistractorId", "CreatedAt", "UpdatedAt") 
                  VALUES ('d379fcca-71d3-4b34-bf8c-590ed7af2d75', '77062ed5-5acd-41b7-bcfb-bdc35f2e0e5c', 'e8e75181-75f4-49c3-b91e-47c246d563af', '2025-03-22T08:59:52.056943+00:00', '2025-03-22T08:59:52.056943+00:00');
INSERT INTO "WordDistractors" ("Id", "WordId", "DistractorId", "CreatedAt", "UpdatedAt") 
                  VALUES ('3df1ab3a-fc12-44cf-abaf-c5a093999506', '4c1d2216-7b97-475d-8004-423f53af5f53', 'c16561b4-65b3-4477-b7be-0a7ecd694101', '2025-03-22T08:59:52.056943+00:00', '2025-03-22T08:59:52.056943+00:00');
INSERT INTO "WordDistractors" ("Id", "WordId", "DistractorId", "CreatedAt", "UpdatedAt") 
                  VALUES ('306f3c3f-6b42-49a1-989e-e45c5ce27b80', '4c1d2216-7b97-475d-8004-423f53af5f53', '32fef6cd-2fea-48fc-9f7d-bf9e0d731a52', '2025-03-22T08:59:52.056943+00:00', '2025-03-22T08:59:52.056943+00:00');
INSERT INTO "WordDistractors" ("Id", "WordId", "DistractorId", "CreatedAt", "UpdatedAt") 
                  VALUES ('ec051f5a-76e0-40e0-b909-5e10d456508e', '4c1d2216-7b97-475d-8004-423f53af5f53', '809f2081-a9fb-4378-a4e7-cd7138dd24fa', '2025-03-22T08:59:52.056943+00:00', '2025-03-22T08:59:52.056943+00:00');
INSERT INTO "WordDistractors" ("Id", "WordId", "DistractorId", "CreatedAt", "UpdatedAt") 
                  VALUES ('e3b3f341-816d-4c74-b838-413e69b3b3af', '875bd732-dc1b-416d-b7ce-c4213cd50c3f', '4c1d2216-7b97-475d-8004-423f53af5f53', '2025-03-22T08:59:52.056943+00:00', '2025-03-22T08:59:52.056943+00:00');
INSERT INTO "WordDistractors" ("Id", "WordId", "DistractorId", "CreatedAt", "UpdatedAt") 
                  VALUES ('ea9a27a8-f711-4021-891b-5644eafd9f73', '875bd732-dc1b-416d-b7ce-c4213cd50c3f', '54d6d038-f358-4fff-b39f-e90583c8ab4e', '2025-03-22T08:59:52.056943+00:00', '2025-03-22T08:59:52.056943+00:00');
INSERT INTO "WordDistractors" ("Id", "WordId", "DistractorId", "CreatedAt", "UpdatedAt") 
                  VALUES ('0692f951-bcb7-415e-b945-325eeb696484', '875bd732-dc1b-416d-b7ce-c4213cd50c3f', '77062ed5-5acd-41b7-bcfb-bdc35f2e0e5c', '2025-03-22T08:59:52.056943+00:00', '2025-03-22T08:59:52.056943+00:00');
INSERT INTO "WordDistractors" ("Id", "WordId", "DistractorId", "CreatedAt", "UpdatedAt") 
                  VALUES ('429254d9-0c3a-4331-bf0c-7bcfe1a24f02', '625f4beb-fbcb-40a1-9638-03770b56b246', '245759d0-eed2-4563-918e-ce1b852b7cb2', '2025-03-22T08:59:52.056943+00:00', '2025-03-22T08:59:52.056943+00:00');
INSERT INTO "WordDistractors" ("Id", "WordId", "DistractorId", "CreatedAt", "UpdatedAt") 
                  VALUES ('a5ea1e94-b9f0-4117-93a4-afb5fffda7f3', '625f4beb-fbcb-40a1-9638-03770b56b246', '7d799d70-cda2-42b3-98b5-650ac1fd0a7e', '2025-03-22T08:59:52.056943+00:00', '2025-03-22T08:59:52.056943+00:00');
INSERT INTO "WordDistractors" ("Id", "WordId", "DistractorId", "CreatedAt", "UpdatedAt") 
                  VALUES ('da382b13-29d8-4b70-ac5f-78deb6adc31d', '625f4beb-fbcb-40a1-9638-03770b56b246', '941c348e-5a39-4057-8ca8-39388f9f96e1', '2025-03-22T08:59:52.056943+00:00', '2025-03-22T08:59:52.056943+00:00');
INSERT INTO "WordDistractors" ("Id", "WordId", "DistractorId", "CreatedAt", "UpdatedAt") 
                  VALUES ('df05b842-4ef2-4436-be11-393477957c63', '1f22178e-9f6b-4a4b-8087-8837b2abf0cd', '2b0f9d58-8e27-402d-b27a-0de14d17aedd', '2025-03-22T08:59:52.056943+00:00', '2025-03-22T08:59:52.056943+00:00');
INSERT INTO "WordDistractors" ("Id", "WordId", "DistractorId", "CreatedAt", "UpdatedAt") 
                  VALUES ('c3b4f4b9-31b8-47f4-8129-d8b86ce24bab', '1f22178e-9f6b-4a4b-8087-8837b2abf0cd', '7c5bb4a2-8a9b-4e39-9e38-8df309d25be5', '2025-03-22T08:59:52.056943+00:00', '2025-03-22T08:59:52.056943+00:00');
INSERT INTO "WordDistractors" ("Id", "WordId", "DistractorId", "CreatedAt", "UpdatedAt") 
                  VALUES ('c36ed211-717e-4b94-a547-48bd5a46bb4a', '1f22178e-9f6b-4a4b-8087-8837b2abf0cd', '4ef0a5a8-8e43-4369-bd78-a8f6143d9331', '2025-03-22T08:59:52.056943+00:00', '2025-03-22T08:59:52.056943+00:00');
INSERT INTO "WordDistractors" ("Id", "WordId", "DistractorId", "CreatedAt", "UpdatedAt") 
                  VALUES ('948f5349-ec09-428b-8f0b-17d213c74203', '67ea30ea-e5a1-466b-b739-86ad6bc047e9', '76468031-a225-4c8e-995c-3083d3a1cacf', '2025-03-22T08:59:52.056943+00:00', '2025-03-22T08:59:52.056943+00:00');
INSERT INTO "WordDistractors" ("Id", "WordId", "DistractorId", "CreatedAt", "UpdatedAt") 
                  VALUES ('95be45f9-b57d-4b8b-8503-e61bc8327672', '67ea30ea-e5a1-466b-b739-86ad6bc047e9', '560aa0c5-13f8-47a2-aa9e-115f3a084de1', '2025-03-22T08:59:52.056943+00:00', '2025-03-22T08:59:52.056943+00:00');
INSERT INTO "WordDistractors" ("Id", "WordId", "DistractorId", "CreatedAt", "UpdatedAt") 
                  VALUES ('6b00f687-0e85-48f8-b0f2-5c17cc047c1c', '67ea30ea-e5a1-466b-b739-86ad6bc047e9', '54af8d39-6468-412b-bc9f-9179c1d5de80', '2025-03-22T08:59:52.056943+00:00', '2025-03-22T08:59:52.056943+00:00');
INSERT INTO "WordDistractors" ("Id", "WordId", "DistractorId", "CreatedAt", "UpdatedAt") 
                  VALUES ('97b45489-b202-4569-a18c-df6d073efa1b', '76643b6d-ea33-4a1d-ac6a-c35733c689d8', 'ebf9abcf-d30f-43f8-9d84-145a3910cb65', '2025-03-22T08:59:52.056943+00:00', '2025-03-22T08:59:52.056943+00:00');
INSERT INTO "WordDistractors" ("Id", "WordId", "DistractorId", "CreatedAt", "UpdatedAt") 
                  VALUES ('b1135b50-143e-4d9c-85e2-815f91d46fca', '76643b6d-ea33-4a1d-ac6a-c35733c689d8', '37a5c15f-d572-4c5b-9b25-30d0c7d10bd8', '2025-03-22T08:59:52.056943+00:00', '2025-03-22T08:59:52.056943+00:00');
INSERT INTO "WordDistractors" ("Id", "WordId", "DistractorId", "CreatedAt", "UpdatedAt") 
                  VALUES ('5c0c8d7c-db63-4866-8fe3-ba04e593fbcb', '76643b6d-ea33-4a1d-ac6a-c35733c689d8', '849e1242-98f2-4922-bbf7-d835fa3250ed', '2025-03-22T08:59:52.056943+00:00', '2025-03-22T08:59:52.056943+00:00');
INSERT INTO "WordDistractors" ("Id", "WordId", "DistractorId", "CreatedAt", "UpdatedAt") 
                  VALUES ('17a3cc6b-7e8b-424c-bc3f-fde7ead38a5f', 'ae7ba71e-66a7-49d7-96c9-4795d7431f5e', '90f40a20-9ee0-43bd-aaf0-484a92e48d13', '2025-03-22T08:59:52.056943+00:00', '2025-03-22T08:59:52.056943+00:00');
INSERT INTO "WordDistractors" ("Id", "WordId", "DistractorId", "CreatedAt", "UpdatedAt") 
                  VALUES ('dbf13e52-10d5-44ce-85ea-4fc3b9cad8d8', 'ae7ba71e-66a7-49d7-96c9-4795d7431f5e', 'eea59606-6521-44b3-80a0-4d464077cf8d', '2025-03-22T08:59:52.056943+00:00', '2025-03-22T08:59:52.056943+00:00');
INSERT INTO "WordDistractors" ("Id", "WordId", "DistractorId", "CreatedAt", "UpdatedAt") 
                  VALUES ('61a0d5c5-07d0-4a16-a9d3-c556958cb7a4', 'ae7ba71e-66a7-49d7-96c9-4795d7431f5e', '6a96eb17-d46c-41b7-b4f1-74a1f1827840', '2025-03-22T08:59:52.056943+00:00', '2025-03-22T08:59:52.056943+00:00');
INSERT INTO "WordDistractors" ("Id", "WordId", "DistractorId", "CreatedAt", "UpdatedAt") 
                  VALUES ('301312ed-9469-4e44-a75f-56972d9b61e5', '560aa0c5-13f8-47a2-aa9e-115f3a084de1', '960c8e4c-f625-4355-9ba6-316896350f0e', '2025-03-22T08:59:52.056943+00:00', '2025-03-22T08:59:52.056943+00:00');
INSERT INTO "WordDistractors" ("Id", "WordId", "DistractorId", "CreatedAt", "UpdatedAt") 
                  VALUES ('04f3eac8-3d38-4337-bd3f-30186fe4f8b7', '560aa0c5-13f8-47a2-aa9e-115f3a084de1', 'ebf9abcf-d30f-43f8-9d84-145a3910cb65', '2025-03-22T08:59:52.056943+00:00', '2025-03-22T08:59:52.056943+00:00');
INSERT INTO "WordDistractors" ("Id", "WordId", "DistractorId", "CreatedAt", "UpdatedAt") 
                  VALUES ('a28af997-0501-4b1e-a123-3479730df5e6', '560aa0c5-13f8-47a2-aa9e-115f3a084de1', '809f2081-a9fb-4378-a4e7-cd7138dd24fa', '2025-03-22T08:59:52.056943+00:00', '2025-03-22T08:59:52.056943+00:00');
INSERT INTO "WordDistractors" ("Id", "WordId", "DistractorId", "CreatedAt", "UpdatedAt") 
                  VALUES ('865395c4-3999-4d42-ab3f-52d60a9ade3a', 'ab484cb3-78db-43ea-b174-084e9c09cdc7', '841c12b4-db10-42e8-a0fb-29b9c93b5d70', '2025-03-22T08:59:52.056943+00:00', '2025-03-22T08:59:52.056943+00:00');
INSERT INTO "WordDistractors" ("Id", "WordId", "DistractorId", "CreatedAt", "UpdatedAt") 
                  VALUES ('62a681d7-8d29-4425-9466-3eb49283f613', 'ab484cb3-78db-43ea-b174-084e9c09cdc7', '616ec711-8771-4fe4-a6eb-c6f4e0e09728', '2025-03-22T08:59:52.056943+00:00', '2025-03-22T08:59:52.056943+00:00');
INSERT INTO "WordDistractors" ("Id", "WordId", "DistractorId", "CreatedAt", "UpdatedAt") 
                  VALUES ('88cb9c76-7480-4494-920e-43840cbf930d', 'ab484cb3-78db-43ea-b174-084e9c09cdc7', '76643b6d-ea33-4a1d-ac6a-c35733c689d8', '2025-03-22T08:59:52.056943+00:00', '2025-03-22T08:59:52.056943+00:00');
INSERT INTO "WordDistractors" ("Id", "WordId", "DistractorId", "CreatedAt", "UpdatedAt") 
                  VALUES ('1bf02a62-75c3-41c7-b9f7-3ca6522a6c0e', '7c5bb4a2-8a9b-4e39-9e38-8df309d25be5', '888c98bc-a135-4bac-b2a3-fed4829cf720', '2025-03-22T08:59:52.056943+00:00', '2025-03-22T08:59:52.056943+00:00');
INSERT INTO "WordDistractors" ("Id", "WordId", "DistractorId", "CreatedAt", "UpdatedAt") 
                  VALUES ('dd4aba6d-70dc-48fe-8026-d478503e4ed1', '7c5bb4a2-8a9b-4e39-9e38-8df309d25be5', 'fd71a8ca-d1e7-4506-a097-6ee37e84c994', '2025-03-22T08:59:52.056943+00:00', '2025-03-22T08:59:52.056943+00:00');
INSERT INTO "WordDistractors" ("Id", "WordId", "DistractorId", "CreatedAt", "UpdatedAt") 
                  VALUES ('3a1aa295-4e27-4399-9fe3-3fd2c9701884', '7c5bb4a2-8a9b-4e39-9e38-8df309d25be5', 'cae5e998-a8c5-4301-af82-0945f91b73c2', '2025-03-22T08:59:52.056943+00:00', '2025-03-22T08:59:52.056943+00:00');
INSERT INTO "WordDistractors" ("Id", "WordId", "DistractorId", "CreatedAt", "UpdatedAt") 
                  VALUES ('cb3b9186-b86c-433c-80db-d2a9271d61f7', 'e8e75181-75f4-49c3-b91e-47c246d563af', '2b0f9d58-8e27-402d-b27a-0de14d17aedd', '2025-03-22T08:59:52.056943+00:00', '2025-03-22T08:59:52.056943+00:00');
INSERT INTO "WordDistractors" ("Id", "WordId", "DistractorId", "CreatedAt", "UpdatedAt") 
                  VALUES ('3c5c3cd8-7461-49f9-950b-3916189d40c3', 'e8e75181-75f4-49c3-b91e-47c246d563af', '941c348e-5a39-4057-8ca8-39388f9f96e1', '2025-03-22T08:59:52.056943+00:00', '2025-03-22T08:59:52.056943+00:00');
INSERT INTO "WordDistractors" ("Id", "WordId", "DistractorId", "CreatedAt", "UpdatedAt") 
                  VALUES ('8fc6e692-5e35-4f46-9877-49c473efbf1a', 'e8e75181-75f4-49c3-b91e-47c246d563af', 'b8916921-79d2-4e45-92e1-50522ff449de', '2025-03-22T08:59:52.056943+00:00', '2025-03-22T08:59:52.056943+00:00');
INSERT INTO "WordDistractors" ("Id", "WordId", "DistractorId", "CreatedAt", "UpdatedAt") 
                  VALUES ('110c7efa-41a0-4f1e-8d88-32376cc164d0', 'eea59606-6521-44b3-80a0-4d464077cf8d', '4ef0a5a8-8e43-4369-bd78-a8f6143d9331', '2025-03-22T08:59:52.056943+00:00', '2025-03-22T08:59:52.056943+00:00');
INSERT INTO "WordDistractors" ("Id", "WordId", "DistractorId", "CreatedAt", "UpdatedAt") 
                  VALUES ('dceca009-a6b0-4afc-bef9-8adc7e2f6f1f', 'eea59606-6521-44b3-80a0-4d464077cf8d', 'f7e13544-f291-4c35-9b89-75cfc18de440', '2025-03-22T08:59:52.056943+00:00', '2025-03-22T08:59:52.056943+00:00');
INSERT INTO "WordDistractors" ("Id", "WordId", "DistractorId", "CreatedAt", "UpdatedAt") 
                  VALUES ('251c8c29-b66f-464a-9d31-07312a5977ce', 'eea59606-6521-44b3-80a0-4d464077cf8d', '54d6d038-f358-4fff-b39f-e90583c8ab4e', '2025-03-22T08:59:52.056943+00:00', '2025-03-22T08:59:52.056943+00:00');
INSERT INTO "WordDistractors" ("Id", "WordId", "DistractorId", "CreatedAt", "UpdatedAt") 
                  VALUES ('25963aa6-8ae0-404f-8fa1-84d135f8a9b8', 'aa86622e-64ea-4622-a4e3-cb6b0820bbd8', 'cae5e998-a8c5-4301-af82-0945f91b73c2', '2025-03-22T08:59:52.056943+00:00', '2025-03-22T08:59:52.056943+00:00');
INSERT INTO "WordDistractors" ("Id", "WordId", "DistractorId", "CreatedAt", "UpdatedAt") 
                  VALUES ('4d5353d9-755f-45c0-aeb1-4a4141e0714c', 'aa86622e-64ea-4622-a4e3-cb6b0820bbd8', '7c5bb4a2-8a9b-4e39-9e38-8df309d25be5', '2025-03-22T08:59:52.056943+00:00', '2025-03-22T08:59:52.056943+00:00');
INSERT INTO "WordDistractors" ("Id", "WordId", "DistractorId", "CreatedAt", "UpdatedAt") 
                  VALUES ('63361812-3452-4ece-b72b-ca7082b538a0', 'aa86622e-64ea-4622-a4e3-cb6b0820bbd8', 'eea59606-6521-44b3-80a0-4d464077cf8d', '2025-03-22T08:59:52.056943+00:00', '2025-03-22T08:59:52.056943+00:00');
INSERT INTO "WordDistractors" ("Id", "WordId", "DistractorId", "CreatedAt", "UpdatedAt") 
                  VALUES ('85554781-9599-4c29-b7ad-a03acb2f6875', '32fef6cd-2fea-48fc-9f7d-bf9e0d731a52', 'cae5e998-a8c5-4301-af82-0945f91b73c2', '2025-03-22T08:59:52.056943+00:00', '2025-03-22T08:59:52.056943+00:00');
INSERT INTO "WordDistractors" ("Id", "WordId", "DistractorId", "CreatedAt", "UpdatedAt") 
                  VALUES ('37b08f40-dbea-4e03-8b3c-2bc9fe5d47fa', '32fef6cd-2fea-48fc-9f7d-bf9e0d731a52', 'de6f9cd4-fcaa-4ee4-b978-59b5c0af5b78', '2025-03-22T08:59:52.056943+00:00', '2025-03-22T08:59:52.056943+00:00');
INSERT INTO "WordDistractors" ("Id", "WordId", "DistractorId", "CreatedAt", "UpdatedAt") 
                  VALUES ('c83c3598-29a5-4363-ab46-91f55a367aa9', '32fef6cd-2fea-48fc-9f7d-bf9e0d731a52', '54d6d038-f358-4fff-b39f-e90583c8ab4e', '2025-03-22T08:59:52.056943+00:00', '2025-03-22T08:59:52.056943+00:00');
INSERT INTO "WordDistractors" ("Id", "WordId", "DistractorId", "CreatedAt", "UpdatedAt") 
                  VALUES ('c266ae73-4cd7-492e-bcdb-e6c3f94096fc', '245759d0-eed2-4563-918e-ce1b852b7cb2', '616ec711-8771-4fe4-a6eb-c6f4e0e09728', '2025-03-22T08:59:52.056943+00:00', '2025-03-22T08:59:52.056943+00:00');
INSERT INTO "WordDistractors" ("Id", "WordId", "DistractorId", "CreatedAt", "UpdatedAt") 
                  VALUES ('e96a04a4-eadd-4850-a14c-f47d1a621dc2', '245759d0-eed2-4563-918e-ce1b852b7cb2', '1f22178e-9f6b-4a4b-8087-8837b2abf0cd', '2025-03-22T08:59:52.056943+00:00', '2025-03-22T08:59:52.056943+00:00');
INSERT INTO "WordDistractors" ("Id", "WordId", "DistractorId", "CreatedAt", "UpdatedAt") 
                  VALUES ('0b769896-38c1-4293-ae2d-d799d388cf1e', '245759d0-eed2-4563-918e-ce1b852b7cb2', 'e8e75181-75f4-49c3-b91e-47c246d563af', '2025-03-22T08:59:52.056943+00:00', '2025-03-22T08:59:52.056943+00:00');
INSERT INTO "WordDistractors" ("Id", "WordId", "DistractorId", "CreatedAt", "UpdatedAt") 
                  VALUES ('0c100b67-4c14-4466-a9e7-008fc929f30c', '9d172de1-5485-49a2-807d-68ea153f815d', '971e15ae-4c23-4386-b5b2-ac945187c555', '2025-03-22T08:59:52.056943+00:00', '2025-03-22T08:59:52.056943+00:00');
INSERT INTO "WordDistractors" ("Id", "WordId", "DistractorId", "CreatedAt", "UpdatedAt") 
                  VALUES ('0f196f6a-549b-4e2f-87b3-c1309dc6c2c8', '9d172de1-5485-49a2-807d-68ea153f815d', '77062ed5-5acd-41b7-bcfb-bdc35f2e0e5c', '2025-03-22T08:59:52.056943+00:00', '2025-03-22T08:59:52.056943+00:00');
INSERT INTO "WordDistractors" ("Id", "WordId", "DistractorId", "CreatedAt", "UpdatedAt") 
                  VALUES ('5d3dd2a2-24a1-4901-83f5-92e17cb1bf8d', '9d172de1-5485-49a2-807d-68ea153f815d', '888c98bc-a135-4bac-b2a3-fed4829cf720', '2025-03-22T08:59:52.056943+00:00', '2025-03-22T08:59:52.056943+00:00');
INSERT INTO "WordDistractors" ("Id", "WordId", "DistractorId", "CreatedAt", "UpdatedAt") 
                  VALUES ('8f734c83-ba30-49b8-8354-9f79dff9c6f9', 'ebf9abcf-d30f-43f8-9d84-145a3910cb65', 'ab484cb3-78db-43ea-b174-084e9c09cdc7', '2025-03-22T08:59:52.056943+00:00', '2025-03-22T08:59:52.056943+00:00');
INSERT INTO "WordDistractors" ("Id", "WordId", "DistractorId", "CreatedAt", "UpdatedAt") 
                  VALUES ('2d01d2ba-ecc3-486a-9eb2-028c90f4e066', 'ebf9abcf-d30f-43f8-9d84-145a3910cb65', '960c8e4c-f625-4355-9ba6-316896350f0e', '2025-03-22T08:59:52.056943+00:00', '2025-03-22T08:59:52.056943+00:00');
INSERT INTO "WordDistractors" ("Id", "WordId", "DistractorId", "CreatedAt", "UpdatedAt") 
                  VALUES ('189fdb57-5ae3-44b7-86f5-ecdcfcf704b0', 'ebf9abcf-d30f-43f8-9d84-145a3910cb65', '1f22178e-9f6b-4a4b-8087-8837b2abf0cd', '2025-03-22T08:59:52.056943+00:00', '2025-03-22T08:59:52.056943+00:00');
INSERT INTO "WordDistractors" ("Id", "WordId", "DistractorId", "CreatedAt", "UpdatedAt") 
                  VALUES ('4cb99732-3911-4c09-956b-8e2d594a76ab', '487f4485-fe5d-4e3b-8af3-21a9edb915ed', '616ec711-8771-4fe4-a6eb-c6f4e0e09728', '2025-03-22T08:59:52.056943+00:00', '2025-03-22T08:59:52.056943+00:00');
INSERT INTO "WordDistractors" ("Id", "WordId", "DistractorId", "CreatedAt", "UpdatedAt") 
                  VALUES ('0d0934be-f6cb-4779-9e7c-3c69e5280952', '487f4485-fe5d-4e3b-8af3-21a9edb915ed', 'f7e13544-f291-4c35-9b89-75cfc18de440', '2025-03-22T08:59:52.056943+00:00', '2025-03-22T08:59:52.056943+00:00');
INSERT INTO "WordDistractors" ("Id", "WordId", "DistractorId", "CreatedAt", "UpdatedAt") 
                  VALUES ('d18d0e92-c114-4ce1-b94f-60c2a90df83c', '487f4485-fe5d-4e3b-8af3-21a9edb915ed', 'b8916921-79d2-4e45-92e1-50522ff449de', '2025-03-22T08:59:52.056943+00:00', '2025-03-22T08:59:52.056943+00:00');
INSERT INTO "WordDistractors" ("Id", "WordId", "DistractorId", "CreatedAt", "UpdatedAt") 
                  VALUES ('983fd487-9001-4cb9-8658-dca9300dbafb', 'f564a559-5648-4822-b563-a2615f0c03e3', 'ab484cb3-78db-43ea-b174-084e9c09cdc7', '2025-03-22T08:59:52.056943+00:00', '2025-03-22T08:59:52.056943+00:00');
INSERT INTO "WordDistractors" ("Id", "WordId", "DistractorId", "CreatedAt", "UpdatedAt") 
                  VALUES ('ea5b790a-9d5b-41e0-ba9b-2e9336d3b26b', 'f564a559-5648-4822-b563-a2615f0c03e3', '32fef6cd-2fea-48fc-9f7d-bf9e0d731a52', '2025-03-22T08:59:52.056943+00:00', '2025-03-22T08:59:52.056943+00:00');
INSERT INTO "WordDistractors" ("Id", "WordId", "DistractorId", "CreatedAt", "UpdatedAt") 
                  VALUES ('20e76d91-1cdf-4e78-9e69-41ebffcbbceb', 'f564a559-5648-4822-b563-a2615f0c03e3', 'cae5e998-a8c5-4301-af82-0945f91b73c2', '2025-03-22T08:59:52.056943+00:00', '2025-03-22T08:59:52.056943+00:00');
INSERT INTO "WordDistractors" ("Id", "WordId", "DistractorId", "CreatedAt", "UpdatedAt") 
                  VALUES ('0bf375e5-36bd-4366-97e1-b65f258d41d1', '616ec711-8771-4fe4-a6eb-c6f4e0e09728', '77062ed5-5acd-41b7-bcfb-bdc35f2e0e5c', '2025-03-22T08:59:52.056943+00:00', '2025-03-22T08:59:52.056943+00:00');
INSERT INTO "WordDistractors" ("Id", "WordId", "DistractorId", "CreatedAt", "UpdatedAt") 
                  VALUES ('9315250e-cec4-4ac7-bc09-3e214670253e', '616ec711-8771-4fe4-a6eb-c6f4e0e09728', 'ae7ba71e-66a7-49d7-96c9-4795d7431f5e', '2025-03-22T08:59:52.056943+00:00', '2025-03-22T08:59:52.056943+00:00');
INSERT INTO "WordDistractors" ("Id", "WordId", "DistractorId", "CreatedAt", "UpdatedAt") 
                  VALUES ('3d58540b-a039-4595-89c7-8ef99b25de63', '616ec711-8771-4fe4-a6eb-c6f4e0e09728', 'ae9a94a7-9b8c-4156-ba6d-29bf675c9d04', '2025-03-22T08:59:52.056943+00:00', '2025-03-22T08:59:52.056943+00:00');
INSERT INTO "WordDistractors" ("Id", "WordId", "DistractorId", "CreatedAt", "UpdatedAt") 
                  VALUES ('8deecb39-0f5a-493c-89a3-7d9d1d102387', '941c348e-5a39-4057-8ca8-39388f9f96e1', 'f564a559-5648-4822-b563-a2615f0c03e3', '2025-03-22T08:59:52.056943+00:00', '2025-03-22T08:59:52.056943+00:00');
INSERT INTO "WordDistractors" ("Id", "WordId", "DistractorId", "CreatedAt", "UpdatedAt") 
                  VALUES ('ae478701-e1d1-43fe-a663-70fdfb809500', '941c348e-5a39-4057-8ca8-39388f9f96e1', '616ec711-8771-4fe4-a6eb-c6f4e0e09728', '2025-03-22T08:59:52.056943+00:00', '2025-03-22T08:59:52.056943+00:00');
INSERT INTO "WordDistractors" ("Id", "WordId", "DistractorId", "CreatedAt", "UpdatedAt") 
                  VALUES ('0413bbd3-04d9-4705-a543-c5efbfd3007f', '941c348e-5a39-4057-8ca8-39388f9f96e1', 'ae9a94a7-9b8c-4156-ba6d-29bf675c9d04', '2025-03-22T08:59:52.056943+00:00', '2025-03-22T08:59:52.056943+00:00');
INSERT INTO "WordDistractors" ("Id", "WordId", "DistractorId", "CreatedAt", "UpdatedAt") 
                  VALUES ('5b6797b5-4604-4476-ab24-abb42cc31e3e', '4ef0a5a8-8e43-4369-bd78-a8f6143d9331', '4c1d2216-7b97-475d-8004-423f53af5f53', '2025-03-22T08:59:52.056943+00:00', '2025-03-22T08:59:52.056943+00:00');
INSERT INTO "WordDistractors" ("Id", "WordId", "DistractorId", "CreatedAt", "UpdatedAt") 
                  VALUES ('429046e2-0750-402e-8c03-2e3435b413df', '4ef0a5a8-8e43-4369-bd78-a8f6143d9331', '9d172de1-5485-49a2-807d-68ea153f815d', '2025-03-22T08:59:52.056943+00:00', '2025-03-22T08:59:52.056943+00:00');
INSERT INTO "WordDistractors" ("Id", "WordId", "DistractorId", "CreatedAt", "UpdatedAt") 
                  VALUES ('a4385471-e73a-4082-bad8-f4b463b45a8a', '4ef0a5a8-8e43-4369-bd78-a8f6143d9331', '941c348e-5a39-4057-8ca8-39388f9f96e1', '2025-03-22T08:59:52.056943+00:00', '2025-03-22T08:59:52.056943+00:00');
INSERT INTO "WordDistractors" ("Id", "WordId", "DistractorId", "CreatedAt", "UpdatedAt") 
                  VALUES ('a8826d0c-01ea-47ef-ab40-b5d04af4d2ea', 'ae9a94a7-9b8c-4156-ba6d-29bf675c9d04', '54d6d038-f358-4fff-b39f-e90583c8ab4e', '2025-03-22T08:59:52.056943+00:00', '2025-03-22T08:59:52.056943+00:00');
INSERT INTO "WordDistractors" ("Id", "WordId", "DistractorId", "CreatedAt", "UpdatedAt") 
                  VALUES ('fa7f5ea1-be26-4b41-9a70-550604bbd98b', 'ae9a94a7-9b8c-4156-ba6d-29bf675c9d04', '625f4beb-fbcb-40a1-9638-03770b56b246', '2025-03-22T08:59:52.056943+00:00', '2025-03-22T08:59:52.056943+00:00');
INSERT INTO "WordDistractors" ("Id", "WordId", "DistractorId", "CreatedAt", "UpdatedAt") 
                  VALUES ('0bd8acba-0d35-4b1d-9033-2f096196f5f8', 'ae9a94a7-9b8c-4156-ba6d-29bf675c9d04', 'cb6845c3-5257-427f-b238-cf14e3b8f2c8', '2025-03-22T08:59:52.056943+00:00', '2025-03-22T08:59:52.056943+00:00');
INSERT INTO "WordDistractors" ("Id", "WordId", "DistractorId", "CreatedAt", "UpdatedAt") 
                  VALUES ('4aee293f-e6f1-4cd7-ac25-4e0084bc0a73', 'fd71a8ca-d1e7-4506-a097-6ee37e84c994', 'ebf9abcf-d30f-43f8-9d84-145a3910cb65', '2025-03-22T08:59:52.056943+00:00', '2025-03-22T08:59:52.056943+00:00');
INSERT INTO "WordDistractors" ("Id", "WordId", "DistractorId", "CreatedAt", "UpdatedAt") 
                  VALUES ('7bb7aa77-b75d-4827-8c3c-bb093e3de0d3', 'fd71a8ca-d1e7-4506-a097-6ee37e84c994', '2b0f9d58-8e27-402d-b27a-0de14d17aedd', '2025-03-22T08:59:52.056943+00:00', '2025-03-22T08:59:52.056943+00:00');
INSERT INTO "WordDistractors" ("Id", "WordId", "DistractorId", "CreatedAt", "UpdatedAt") 
                  VALUES ('68b0f079-7268-40c3-a28c-89b14691cc4e', 'fd71a8ca-d1e7-4506-a097-6ee37e84c994', '875bd732-dc1b-416d-b7ce-c4213cd50c3f', '2025-03-22T08:59:52.056943+00:00', '2025-03-22T08:59:52.056943+00:00');
INSERT INTO "WordDistractors" ("Id", "WordId", "DistractorId", "CreatedAt", "UpdatedAt") 
                  VALUES ('163a93ed-be9a-4262-b04d-b7fc314a248e', 'b8916921-79d2-4e45-92e1-50522ff449de', '4ef0a5a8-8e43-4369-bd78-a8f6143d9331', '2025-03-22T08:59:52.056943+00:00', '2025-03-22T08:59:52.056943+00:00');
INSERT INTO "WordDistractors" ("Id", "WordId", "DistractorId", "CreatedAt", "UpdatedAt") 
                  VALUES ('674ba36b-0c43-45f3-8478-89521eab0d96', 'b8916921-79d2-4e45-92e1-50522ff449de', 'f7e13544-f291-4c35-9b89-75cfc18de440', '2025-03-22T08:59:52.056943+00:00', '2025-03-22T08:59:52.056943+00:00');
INSERT INTO "WordDistractors" ("Id", "WordId", "DistractorId", "CreatedAt", "UpdatedAt") 
                  VALUES ('41bbe814-3d55-4161-9530-b4aaf8694da9', 'b8916921-79d2-4e45-92e1-50522ff449de', 'cae5e998-a8c5-4301-af82-0945f91b73c2', '2025-03-22T08:59:52.056943+00:00', '2025-03-22T08:59:52.056943+00:00');
INSERT INTO "WordDistractors" ("Id", "WordId", "DistractorId", "CreatedAt", "UpdatedAt") 
                  VALUES ('28d87839-6e7f-42c8-b706-69eadeb1f533', '4eebbec9-ce19-4876-abde-6c9a5c62d2a6', '72f274f4-df1f-44af-aec8-a6a2692ca4f1', '2025-03-22T08:59:52.056943+00:00', '2025-03-22T08:59:52.056943+00:00');
INSERT INTO "WordDistractors" ("Id", "WordId", "DistractorId", "CreatedAt", "UpdatedAt") 
                  VALUES ('b3fd90b8-fca7-477a-8420-ae38125ff4f5', '4eebbec9-ce19-4876-abde-6c9a5c62d2a6', 'ae9a94a7-9b8c-4156-ba6d-29bf675c9d04', '2025-03-22T08:59:52.056943+00:00', '2025-03-22T08:59:52.056943+00:00');
INSERT INTO "WordDistractors" ("Id", "WordId", "DistractorId", "CreatedAt", "UpdatedAt") 
                  VALUES ('346a00a8-7801-4c9b-b161-39ff7f12b971', '4eebbec9-ce19-4876-abde-6c9a5c62d2a6', '841c12b4-db10-42e8-a0fb-29b9c93b5d70', '2025-03-22T08:59:52.056943+00:00', '2025-03-22T08:59:52.056943+00:00');
INSERT INTO "WordDistractors" ("Id", "WordId", "DistractorId", "CreatedAt", "UpdatedAt") 
                  VALUES ('fee7d003-e77e-4b64-ae0d-1a3a06801e69', 'c16561b4-65b3-4477-b7be-0a7ecd694101', 'eea59606-6521-44b3-80a0-4d464077cf8d', '2025-03-22T08:59:52.056943+00:00', '2025-03-22T08:59:52.056943+00:00');
INSERT INTO "WordDistractors" ("Id", "WordId", "DistractorId", "CreatedAt", "UpdatedAt") 
                  VALUES ('2fbe5161-0c6e-4ad0-a5e6-e74c92a35d26', 'c16561b4-65b3-4477-b7be-0a7ecd694101', '9d172de1-5485-49a2-807d-68ea153f815d', '2025-03-22T08:59:52.056943+00:00', '2025-03-22T08:59:52.056943+00:00');
INSERT INTO "WordDistractors" ("Id", "WordId", "DistractorId", "CreatedAt", "UpdatedAt") 
                  VALUES ('d7cd92ff-9e8c-4c45-8038-cf3b513ce1b0', 'c16561b4-65b3-4477-b7be-0a7ecd694101', 'b542fd3c-8596-4e02-8a50-a38f4beae986', '2025-03-22T08:59:52.056943+00:00', '2025-03-22T08:59:52.056943+00:00');
INSERT INTO "WordDistractors" ("Id", "WordId", "DistractorId", "CreatedAt", "UpdatedAt") 
                  VALUES ('002787e6-5d7b-4e2a-b04b-e8411abf5491', '809f2081-a9fb-4378-a4e7-cd7138dd24fa', 'ae9a94a7-9b8c-4156-ba6d-29bf675c9d04', '2025-03-22T08:59:52.056943+00:00', '2025-03-22T08:59:52.056943+00:00');
INSERT INTO "WordDistractors" ("Id", "WordId", "DistractorId", "CreatedAt", "UpdatedAt") 
                  VALUES ('2b6ca9f7-2b9f-42f2-9bfb-f1263d4eb982', '809f2081-a9fb-4378-a4e7-cd7138dd24fa', '625f4beb-fbcb-40a1-9638-03770b56b246', '2025-03-22T08:59:52.056943+00:00', '2025-03-22T08:59:52.056943+00:00');
INSERT INTO "WordDistractors" ("Id", "WordId", "DistractorId", "CreatedAt", "UpdatedAt") 
                  VALUES ('ca25bdc3-5917-4112-9c06-385fed4f10e9', '809f2081-a9fb-4378-a4e7-cd7138dd24fa', '32fef6cd-2fea-48fc-9f7d-bf9e0d731a52', '2025-03-22T08:59:52.056943+00:00', '2025-03-22T08:59:52.056943+00:00');
INSERT INTO "WordDistractors" ("Id", "WordId", "DistractorId", "CreatedAt", "UpdatedAt") 
                  VALUES ('2c94ed89-5bc4-4f20-93b2-c152d7d099ff', '90f40a20-9ee0-43bd-aaf0-484a92e48d13', '875bd732-dc1b-416d-b7ce-c4213cd50c3f', '2025-03-22T08:59:52.056943+00:00', '2025-03-22T08:59:52.056943+00:00');
INSERT INTO "WordDistractors" ("Id", "WordId", "DistractorId", "CreatedAt", "UpdatedAt") 
                  VALUES ('8d9ba5c5-bc05-4698-b0ff-b7ceb86ac768', '90f40a20-9ee0-43bd-aaf0-484a92e48d13', '1f22178e-9f6b-4a4b-8087-8837b2abf0cd', '2025-03-22T08:59:52.056943+00:00', '2025-03-22T08:59:52.056943+00:00');
INSERT INTO "WordDistractors" ("Id", "WordId", "DistractorId", "CreatedAt", "UpdatedAt") 
                  VALUES ('a27fd302-aa79-4729-93cf-9479f7aa5e43', '90f40a20-9ee0-43bd-aaf0-484a92e48d13', '809f2081-a9fb-4378-a4e7-cd7138dd24fa', '2025-03-22T08:59:52.056943+00:00', '2025-03-22T08:59:52.056943+00:00');
INSERT INTO "WordDistractors" ("Id", "WordId", "DistractorId", "CreatedAt", "UpdatedAt") 
                  VALUES ('857ddb82-7479-4a70-be62-43c2a9af3f11', 'f7e13544-f291-4c35-9b89-75cfc18de440', 'b8916921-79d2-4e45-92e1-50522ff449de', '2025-03-22T08:59:52.056943+00:00', '2025-03-22T08:59:52.056943+00:00');
INSERT INTO "WordDistractors" ("Id", "WordId", "DistractorId", "CreatedAt", "UpdatedAt") 
                  VALUES ('74a5fcbe-d37c-47ec-9472-fe43c739437d', 'f7e13544-f291-4c35-9b89-75cfc18de440', '37a5c15f-d572-4c5b-9b25-30d0c7d10bd8', '2025-03-22T08:59:52.056943+00:00', '2025-03-22T08:59:52.056943+00:00');
INSERT INTO "WordDistractors" ("Id", "WordId", "DistractorId", "CreatedAt", "UpdatedAt") 
                  VALUES ('31df494d-2cae-4cf3-9819-5a4f0be364ca', 'f7e13544-f291-4c35-9b89-75cfc18de440', '6a96eb17-d46c-41b7-b4f1-74a1f1827840', '2025-03-22T08:59:52.056943+00:00', '2025-03-22T08:59:52.056943+00:00');
INSERT INTO "WordDistractors" ("Id", "WordId", "DistractorId", "CreatedAt", "UpdatedAt") 
                  VALUES ('7de54f7a-f12b-4631-9d03-8720161b796e', '54af8d39-6468-412b-bc9f-9179c1d5de80', '76643b6d-ea33-4a1d-ac6a-c35733c689d8', '2025-03-22T08:59:52.056943+00:00', '2025-03-22T08:59:52.056943+00:00');
INSERT INTO "WordDistractors" ("Id", "WordId", "DistractorId", "CreatedAt", "UpdatedAt") 
                  VALUES ('bdadcbf7-6a87-4e54-b607-869dba9e1e9a', '54af8d39-6468-412b-bc9f-9179c1d5de80', '9d172de1-5485-49a2-807d-68ea153f815d', '2025-03-22T08:59:52.056943+00:00', '2025-03-22T08:59:52.056943+00:00');
INSERT INTO "WordDistractors" ("Id", "WordId", "DistractorId", "CreatedAt", "UpdatedAt") 
                  VALUES ('d7ccc978-ba13-4aa4-8fa1-ed6f24a2e831', '54af8d39-6468-412b-bc9f-9179c1d5de80', '245759d0-eed2-4563-918e-ce1b852b7cb2', '2025-03-22T08:59:52.056943+00:00', '2025-03-22T08:59:52.056943+00:00');
INSERT INTO "WordDistractors" ("Id", "WordId", "DistractorId", "CreatedAt", "UpdatedAt") 
                  VALUES ('485fa45a-9089-4a47-a5f4-7a66014027ed', '3ff4f691-faae-41be-bdc3-88583d7e282f', '7d799d70-cda2-42b3-98b5-650ac1fd0a7e', '2025-03-22T08:59:52.056943+00:00', '2025-03-22T08:59:52.056943+00:00');
INSERT INTO "WordDistractors" ("Id", "WordId", "DistractorId", "CreatedAt", "UpdatedAt") 
                  VALUES ('3363763f-b509-4d96-9cc3-6999ff8ccd64', '3ff4f691-faae-41be-bdc3-88583d7e282f', 'fd71a8ca-d1e7-4506-a097-6ee37e84c994', '2025-03-22T08:59:52.056943+00:00', '2025-03-22T08:59:52.056943+00:00');
INSERT INTO "WordDistractors" ("Id", "WordId", "DistractorId", "CreatedAt", "UpdatedAt") 
                  VALUES ('473073c1-3d03-4a49-8c38-248e1501def4', '3ff4f691-faae-41be-bdc3-88583d7e282f', '6a96eb17-d46c-41b7-b4f1-74a1f1827840', '2025-03-22T08:59:52.056943+00:00', '2025-03-22T08:59:52.056943+00:00');
INSERT INTO "WordDistractors" ("Id", "WordId", "DistractorId", "CreatedAt", "UpdatedAt") 
                  VALUES ('9861115d-0bc3-4dec-9a81-0c6f68ffc92a', '841c12b4-db10-42e8-a0fb-29b9c93b5d70', '6a96eb17-d46c-41b7-b4f1-74a1f1827840', '2025-03-22T08:59:52.056943+00:00', '2025-03-22T08:59:52.056943+00:00');
INSERT INTO "WordDistractors" ("Id", "WordId", "DistractorId", "CreatedAt", "UpdatedAt") 
                  VALUES ('d66e69b5-4b30-4379-bc82-a675db44eeab', '841c12b4-db10-42e8-a0fb-29b9c93b5d70', '76468031-a225-4c8e-995c-3083d3a1cacf', '2025-03-22T08:59:52.056943+00:00', '2025-03-22T08:59:52.056943+00:00');
INSERT INTO "WordDistractors" ("Id", "WordId", "DistractorId", "CreatedAt", "UpdatedAt") 
                  VALUES ('3e282140-ad7d-4a8a-a318-d42f578fd321', '841c12b4-db10-42e8-a0fb-29b9c93b5d70', 'ae9a94a7-9b8c-4156-ba6d-29bf675c9d04', '2025-03-22T08:59:52.056943+00:00', '2025-03-22T08:59:52.056943+00:00');
INSERT INTO "WordDistractors" ("Id", "WordId", "DistractorId", "CreatedAt", "UpdatedAt") 
                  VALUES ('5e8397c7-f8ce-4e7e-afc6-402357c6228b', 'cae5e998-a8c5-4301-af82-0945f91b73c2', '76643b6d-ea33-4a1d-ac6a-c35733c689d8', '2025-03-22T08:59:52.056943+00:00', '2025-03-22T08:59:52.056943+00:00');
INSERT INTO "WordDistractors" ("Id", "WordId", "DistractorId", "CreatedAt", "UpdatedAt") 
                  VALUES ('c8f9e2dd-c96c-4158-8360-e9ceca1badbc', 'cae5e998-a8c5-4301-af82-0945f91b73c2', 'cb6845c3-5257-427f-b238-cf14e3b8f2c8', '2025-03-22T08:59:52.056943+00:00', '2025-03-22T08:59:52.056943+00:00');
INSERT INTO "WordDistractors" ("Id", "WordId", "DistractorId", "CreatedAt", "UpdatedAt") 
                  VALUES ('2e95ff62-a86d-482a-9a06-75ec717f4237', 'cae5e998-a8c5-4301-af82-0945f91b73c2', '616ec711-8771-4fe4-a6eb-c6f4e0e09728', '2025-03-22T08:59:52.056943+00:00', '2025-03-22T08:59:52.056943+00:00');
INSERT INTO "WordDistractors" ("Id", "WordId", "DistractorId", "CreatedAt", "UpdatedAt") 
                  VALUES ('222ee42c-eabe-4145-ad5d-355473e76829', '37a5c15f-d572-4c5b-9b25-30d0c7d10bd8', 'b542fd3c-8596-4e02-8a50-a38f4beae986', '2025-03-22T08:59:52.056943+00:00', '2025-03-22T08:59:52.056943+00:00');
INSERT INTO "WordDistractors" ("Id", "WordId", "DistractorId", "CreatedAt", "UpdatedAt") 
                  VALUES ('08345dd8-5dad-40cc-8ca5-1c1d5987447c', '37a5c15f-d572-4c5b-9b25-30d0c7d10bd8', 'ae9a94a7-9b8c-4156-ba6d-29bf675c9d04', '2025-03-22T08:59:52.056943+00:00', '2025-03-22T08:59:52.056943+00:00');
INSERT INTO "WordDistractors" ("Id", "WordId", "DistractorId", "CreatedAt", "UpdatedAt") 
                  VALUES ('2f01634c-427a-4b67-a69f-ff59439f31ce', '37a5c15f-d572-4c5b-9b25-30d0c7d10bd8', 'ae7ba71e-66a7-49d7-96c9-4795d7431f5e', '2025-03-22T08:59:52.056943+00:00', '2025-03-22T08:59:52.056943+00:00');
INSERT INTO "WordDistractors" ("Id", "WordId", "DistractorId", "CreatedAt", "UpdatedAt") 
                  VALUES ('21c8c9f5-3691-4c93-9ba3-0778a9768585', '849e1242-98f2-4922-bbf7-d835fa3250ed', '960c8e4c-f625-4355-9ba6-316896350f0e', '2025-03-22T08:59:52.056943+00:00', '2025-03-22T08:59:52.056943+00:00');
INSERT INTO "WordDistractors" ("Id", "WordId", "DistractorId", "CreatedAt", "UpdatedAt") 
                  VALUES ('c3fcd7b2-1a8b-4d8f-b4e5-6140d80a6199', '849e1242-98f2-4922-bbf7-d835fa3250ed', '72f274f4-df1f-44af-aec8-a6a2692ca4f1', '2025-03-22T08:59:52.056943+00:00', '2025-03-22T08:59:52.056943+00:00');
INSERT INTO "WordDistractors" ("Id", "WordId", "DistractorId", "CreatedAt", "UpdatedAt") 
                  VALUES ('f9db1c03-28df-45c3-b35f-c322b872c527', '849e1242-98f2-4922-bbf7-d835fa3250ed', 'aa86622e-64ea-4622-a4e3-cb6b0820bbd8', '2025-03-22T08:59:52.056943+00:00', '2025-03-22T08:59:52.056943+00:00');
INSERT INTO "WordDistractors" ("Id", "WordId", "DistractorId", "CreatedAt", "UpdatedAt") 
                  VALUES ('83229331-95ea-4edb-baf4-d8fed8b901ef', 'b542fd3c-8596-4e02-8a50-a38f4beae986', '37a5c15f-d572-4c5b-9b25-30d0c7d10bd8', '2025-03-22T08:59:52.056943+00:00', '2025-03-22T08:59:52.056943+00:00');
INSERT INTO "WordDistractors" ("Id", "WordId", "DistractorId", "CreatedAt", "UpdatedAt") 
                  VALUES ('2a751f82-9583-4a44-9259-38b88ca5251d', 'b542fd3c-8596-4e02-8a50-a38f4beae986', '941c348e-5a39-4057-8ca8-39388f9f96e1', '2025-03-22T08:59:52.056943+00:00', '2025-03-22T08:59:52.056943+00:00');
INSERT INTO "WordDistractors" ("Id", "WordId", "DistractorId", "CreatedAt", "UpdatedAt") 
                  VALUES ('b12ec722-eb8a-42f2-8063-894bd8d9e4a8', 'b542fd3c-8596-4e02-8a50-a38f4beae986', '888c98bc-a135-4bac-b2a3-fed4829cf720', '2025-03-22T08:59:52.056943+00:00', '2025-03-22T08:59:52.056943+00:00');
INSERT INTO "WordDistractors" ("Id", "WordId", "DistractorId", "CreatedAt", "UpdatedAt") 
                  VALUES ('0c9526b8-4c38-4eb0-abeb-88ec3ed9e099', '0a7b32ff-4e4c-47f5-a049-2ef4f48952b3', '971e15ae-4c23-4386-b5b2-ac945187c555', '2025-03-22T08:59:52.056943+00:00', '2025-03-22T08:59:52.056943+00:00');
INSERT INTO "WordDistractors" ("Id", "WordId", "DistractorId", "CreatedAt", "UpdatedAt") 
                  VALUES ('86d30f15-2893-47eb-9df4-0884e07d2ac0', '0a7b32ff-4e4c-47f5-a049-2ef4f48952b3', '1f22178e-9f6b-4a4b-8087-8837b2abf0cd', '2025-03-22T08:59:52.056943+00:00', '2025-03-22T08:59:52.056943+00:00');
INSERT INTO "WordDistractors" ("Id", "WordId", "DistractorId", "CreatedAt", "UpdatedAt") 
                  VALUES ('c4e100c9-7520-4465-950c-afd795a84f71', '0a7b32ff-4e4c-47f5-a049-2ef4f48952b3', '4c1d2216-7b97-475d-8004-423f53af5f53', '2025-03-22T08:59:52.056943+00:00', '2025-03-22T08:59:52.056943+00:00');
INSERT INTO "WordDistractors" ("Id", "WordId", "DistractorId", "CreatedAt", "UpdatedAt") 
                  VALUES ('0e9b5bab-2afc-49fc-8838-5f35f26f4f8f', '2b0f9d58-8e27-402d-b27a-0de14d17aedd', '841c12b4-db10-42e8-a0fb-29b9c93b5d70', '2025-03-22T08:59:52.056943+00:00', '2025-03-22T08:59:52.056943+00:00');
INSERT INTO "WordDistractors" ("Id", "WordId", "DistractorId", "CreatedAt", "UpdatedAt") 
                  VALUES ('a5582fae-1792-4ed1-b829-b852e6686038', '2b0f9d58-8e27-402d-b27a-0de14d17aedd', '487f4485-fe5d-4e3b-8af3-21a9edb915ed', '2025-03-22T08:59:52.056943+00:00', '2025-03-22T08:59:52.056943+00:00');
INSERT INTO "WordDistractors" ("Id", "WordId", "DistractorId", "CreatedAt", "UpdatedAt") 
                  VALUES ('2d824087-a1da-4ce7-a45b-8aec9a89bac7', '2b0f9d58-8e27-402d-b27a-0de14d17aedd', '245759d0-eed2-4563-918e-ce1b852b7cb2', '2025-03-22T08:59:52.056943+00:00', '2025-03-22T08:59:52.056943+00:00');
INSERT INTO "WordDistractors" ("Id", "WordId", "DistractorId", "CreatedAt", "UpdatedAt") 
                  VALUES ('b7ff1e47-a761-4e22-a0d1-19bf1871b74d', '7d799d70-cda2-42b3-98b5-650ac1fd0a7e', '37a5c15f-d572-4c5b-9b25-30d0c7d10bd8', '2025-03-22T08:59:52.056943+00:00', '2025-03-22T08:59:52.056943+00:00');
INSERT INTO "WordDistractors" ("Id", "WordId", "DistractorId", "CreatedAt", "UpdatedAt") 
                  VALUES ('3bfa026e-b9ab-4ac8-8ef2-e8f71a9b4aa4', '7d799d70-cda2-42b3-98b5-650ac1fd0a7e', '960c8e4c-f625-4355-9ba6-316896350f0e', '2025-03-22T08:59:52.056943+00:00', '2025-03-22T08:59:52.056943+00:00');
INSERT INTO "WordDistractors" ("Id", "WordId", "DistractorId", "CreatedAt", "UpdatedAt") 
                  VALUES ('1a89cba0-3aa0-4c9f-919e-781cba89de8c', '7d799d70-cda2-42b3-98b5-650ac1fd0a7e', '54af8d39-6468-412b-bc9f-9179c1d5de80', '2025-03-22T08:59:52.056943+00:00', '2025-03-22T08:59:52.056943+00:00');
INSERT INTO "WordBooks" ("Id", "WordBookName", "CreatedAt", "UpdatedAt") 
                     VALUES ('64fccad9-e0a5-464d-9d5d-fa7a93b10a0f', 'Test', '2025-03-22T08:59:52.056943+00:00', '2025-03-22T08:59:52.056943+00:00');
INSERT INTO "WordWordBooks" ("Id", "WordId", "BookId", "CreatedAt", "UpdatedAt") 
        VALUES ('3b132e05-cfe7-4845-821d-ba8832709808', '76468031-a225-4c8e-995c-3083d3a1cacf', '64fccad9-e0a5-464d-9d5d-fa7a93b10a0f', '2025-03-22T08:59:52.056943+00:00', '2025-03-22T08:59:52.056943+00:00');
INSERT INTO "WordWordBooks" ("Id", "WordId", "BookId", "CreatedAt", "UpdatedAt") 
        VALUES ('ed6b64a5-e202-4be0-956a-8ed67c594431', '54d6d038-f358-4fff-b39f-e90583c8ab4e', '64fccad9-e0a5-464d-9d5d-fa7a93b10a0f', '2025-03-22T08:59:52.056943+00:00', '2025-03-22T08:59:52.056943+00:00');
INSERT INTO "WordWordBooks" ("Id", "WordId", "BookId", "CreatedAt", "UpdatedAt") 
        VALUES ('24184e49-6426-444f-99ff-de267e713a5d', 'cb6845c3-5257-427f-b238-cf14e3b8f2c8', '64fccad9-e0a5-464d-9d5d-fa7a93b10a0f', '2025-03-22T08:59:52.056943+00:00', '2025-03-22T08:59:52.056943+00:00');
INSERT INTO "WordWordBooks" ("Id", "WordId", "BookId", "CreatedAt", "UpdatedAt") 
        VALUES ('29b3ccdd-c305-4b44-a561-880ea7ae2c02', 'de6f9cd4-fcaa-4ee4-b978-59b5c0af5b78', '64fccad9-e0a5-464d-9d5d-fa7a93b10a0f', '2025-03-22T08:59:52.056943+00:00', '2025-03-22T08:59:52.056943+00:00');
INSERT INTO "WordWordBooks" ("Id", "WordId", "BookId", "CreatedAt", "UpdatedAt") 
        VALUES ('fe6650b5-2b66-4055-80ac-8e2b20032364', '888c98bc-a135-4bac-b2a3-fed4829cf720', '64fccad9-e0a5-464d-9d5d-fa7a93b10a0f', '2025-03-22T08:59:52.056943+00:00', '2025-03-22T08:59:52.056943+00:00');
INSERT INTO "WordWordBooks" ("Id", "WordId", "BookId", "CreatedAt", "UpdatedAt") 
        VALUES ('1032d6e6-9b6f-4d93-aeb5-a1217d342724', '6a96eb17-d46c-41b7-b4f1-74a1f1827840', '64fccad9-e0a5-464d-9d5d-fa7a93b10a0f', '2025-03-22T08:59:52.056943+00:00', '2025-03-22T08:59:52.056943+00:00');
INSERT INTO "WordWordBooks" ("Id", "WordId", "BookId", "CreatedAt", "UpdatedAt") 
        VALUES ('a92d07d5-18ba-4e2a-a676-0a95b75df35e', '72f274f4-df1f-44af-aec8-a6a2692ca4f1', '64fccad9-e0a5-464d-9d5d-fa7a93b10a0f', '2025-03-22T08:59:52.056943+00:00', '2025-03-22T08:59:52.056943+00:00');
INSERT INTO "WordWordBooks" ("Id", "WordId", "BookId", "CreatedAt", "UpdatedAt") 
        VALUES ('bae084b1-8f85-4cb3-927b-a3bf54ee8cb7', '960c8e4c-f625-4355-9ba6-316896350f0e', '64fccad9-e0a5-464d-9d5d-fa7a93b10a0f', '2025-03-22T08:59:52.056943+00:00', '2025-03-22T08:59:52.056943+00:00');
INSERT INTO "WordWordBooks" ("Id", "WordId", "BookId", "CreatedAt", "UpdatedAt") 
        VALUES ('9072afa6-21e4-4053-9a97-217dc098006a', '971e15ae-4c23-4386-b5b2-ac945187c555', '64fccad9-e0a5-464d-9d5d-fa7a93b10a0f', '2025-03-22T08:59:52.056943+00:00', '2025-03-22T08:59:52.056943+00:00');
INSERT INTO "WordWordBooks" ("Id", "WordId", "BookId", "CreatedAt", "UpdatedAt") 
        VALUES ('cd0a8cc3-1b33-41fb-9dc2-cb95b6e5e94f', '77062ed5-5acd-41b7-bcfb-bdc35f2e0e5c', '64fccad9-e0a5-464d-9d5d-fa7a93b10a0f', '2025-03-22T08:59:52.056943+00:00', '2025-03-22T08:59:52.056943+00:00');
INSERT INTO "WordWordBooks" ("Id", "WordId", "BookId", "CreatedAt", "UpdatedAt") 
        VALUES ('74ee027d-d330-4238-8faa-06de633b993c', '4c1d2216-7b97-475d-8004-423f53af5f53', '64fccad9-e0a5-464d-9d5d-fa7a93b10a0f', '2025-03-22T08:59:52.056943+00:00', '2025-03-22T08:59:52.056943+00:00');
INSERT INTO "WordWordBooks" ("Id", "WordId", "BookId", "CreatedAt", "UpdatedAt") 
        VALUES ('127d4af1-ab7c-4340-921d-1490fca5fdb9', '875bd732-dc1b-416d-b7ce-c4213cd50c3f', '64fccad9-e0a5-464d-9d5d-fa7a93b10a0f', '2025-03-22T08:59:52.056943+00:00', '2025-03-22T08:59:52.056943+00:00');
INSERT INTO "WordWordBooks" ("Id", "WordId", "BookId", "CreatedAt", "UpdatedAt") 
        VALUES ('f12d40bc-a1db-41f0-a02a-fff17979be7b', '625f4beb-fbcb-40a1-9638-03770b56b246', '64fccad9-e0a5-464d-9d5d-fa7a93b10a0f', '2025-03-22T08:59:52.056943+00:00', '2025-03-22T08:59:52.056943+00:00');
INSERT INTO "WordWordBooks" ("Id", "WordId", "BookId", "CreatedAt", "UpdatedAt") 
        VALUES ('5710d821-6cc1-4774-bb57-dd0c2afc6ddb', '1f22178e-9f6b-4a4b-8087-8837b2abf0cd', '64fccad9-e0a5-464d-9d5d-fa7a93b10a0f', '2025-03-22T08:59:52.056943+00:00', '2025-03-22T08:59:52.056943+00:00');
INSERT INTO "WordWordBooks" ("Id", "WordId", "BookId", "CreatedAt", "UpdatedAt") 
        VALUES ('1fbe568c-d2fa-4b89-9707-c838a35b7ce8', '67ea30ea-e5a1-466b-b739-86ad6bc047e9', '64fccad9-e0a5-464d-9d5d-fa7a93b10a0f', '2025-03-22T08:59:52.056943+00:00', '2025-03-22T08:59:52.056943+00:00');
INSERT INTO "WordWordBooks" ("Id", "WordId", "BookId", "CreatedAt", "UpdatedAt") 
        VALUES ('58cbaebe-8d65-4fa7-981c-fd80fa13cdfe', '76643b6d-ea33-4a1d-ac6a-c35733c689d8', '64fccad9-e0a5-464d-9d5d-fa7a93b10a0f', '2025-03-22T08:59:52.056943+00:00', '2025-03-22T08:59:52.056943+00:00');
INSERT INTO "WordWordBooks" ("Id", "WordId", "BookId", "CreatedAt", "UpdatedAt") 
        VALUES ('57dd48fb-21e6-4645-9856-a4de1d156165', 'ae7ba71e-66a7-49d7-96c9-4795d7431f5e', '64fccad9-e0a5-464d-9d5d-fa7a93b10a0f', '2025-03-22T08:59:52.056943+00:00', '2025-03-22T08:59:52.056943+00:00');
INSERT INTO "WordWordBooks" ("Id", "WordId", "BookId", "CreatedAt", "UpdatedAt") 
        VALUES ('358a7804-bcd1-456a-9c4a-9ddc3d9c17ea', '560aa0c5-13f8-47a2-aa9e-115f3a084de1', '64fccad9-e0a5-464d-9d5d-fa7a93b10a0f', '2025-03-22T08:59:52.056943+00:00', '2025-03-22T08:59:52.056943+00:00');
INSERT INTO "WordWordBooks" ("Id", "WordId", "BookId", "CreatedAt", "UpdatedAt") 
        VALUES ('0f5fa4a2-a331-4a61-b836-e2c550a8cbc3', 'ab484cb3-78db-43ea-b174-084e9c09cdc7', '64fccad9-e0a5-464d-9d5d-fa7a93b10a0f', '2025-03-22T08:59:52.056943+00:00', '2025-03-22T08:59:52.056943+00:00');
INSERT INTO "WordWordBooks" ("Id", "WordId", "BookId", "CreatedAt", "UpdatedAt") 
        VALUES ('f238ef07-8852-4187-8f40-54932308a48b', '7c5bb4a2-8a9b-4e39-9e38-8df309d25be5', '64fccad9-e0a5-464d-9d5d-fa7a93b10a0f', '2025-03-22T08:59:52.056943+00:00', '2025-03-22T08:59:52.056943+00:00');
INSERT INTO "WordWordBooks" ("Id", "WordId", "BookId", "CreatedAt", "UpdatedAt") 
        VALUES ('2d9d89e0-d4f2-4cd3-a8c7-376e90689e99', 'e8e75181-75f4-49c3-b91e-47c246d563af', '64fccad9-e0a5-464d-9d5d-fa7a93b10a0f', '2025-03-22T08:59:52.056943+00:00', '2025-03-22T08:59:52.056943+00:00');
INSERT INTO "WordWordBooks" ("Id", "WordId", "BookId", "CreatedAt", "UpdatedAt") 
        VALUES ('15589761-b24f-4786-91d5-e654a4b8dc00', 'eea59606-6521-44b3-80a0-4d464077cf8d', '64fccad9-e0a5-464d-9d5d-fa7a93b10a0f', '2025-03-22T08:59:52.056943+00:00', '2025-03-22T08:59:52.056943+00:00');
INSERT INTO "WordWordBooks" ("Id", "WordId", "BookId", "CreatedAt", "UpdatedAt") 
        VALUES ('2e9a2c58-3b04-4d54-b93a-966143772419', 'aa86622e-64ea-4622-a4e3-cb6b0820bbd8', '64fccad9-e0a5-464d-9d5d-fa7a93b10a0f', '2025-03-22T08:59:52.056943+00:00', '2025-03-22T08:59:52.056943+00:00');
INSERT INTO "WordWordBooks" ("Id", "WordId", "BookId", "CreatedAt", "UpdatedAt") 
        VALUES ('f8161add-d583-4e77-89f1-37c329b8c0b1', '32fef6cd-2fea-48fc-9f7d-bf9e0d731a52', '64fccad9-e0a5-464d-9d5d-fa7a93b10a0f', '2025-03-22T08:59:52.056943+00:00', '2025-03-22T08:59:52.056943+00:00');
INSERT INTO "WordWordBooks" ("Id", "WordId", "BookId", "CreatedAt", "UpdatedAt") 
        VALUES ('3412b302-b1d2-438a-9eae-24639758d910', '245759d0-eed2-4563-918e-ce1b852b7cb2', '64fccad9-e0a5-464d-9d5d-fa7a93b10a0f', '2025-03-22T08:59:52.056943+00:00', '2025-03-22T08:59:52.056943+00:00');
INSERT INTO "WordWordBooks" ("Id", "WordId", "BookId", "CreatedAt", "UpdatedAt") 
        VALUES ('013a68a8-84e9-4c26-b333-e0f611ff3542', '9d172de1-5485-49a2-807d-68ea153f815d', '64fccad9-e0a5-464d-9d5d-fa7a93b10a0f', '2025-03-22T08:59:52.056943+00:00', '2025-03-22T08:59:52.056943+00:00');
INSERT INTO "WordWordBooks" ("Id", "WordId", "BookId", "CreatedAt", "UpdatedAt") 
        VALUES ('74220e3b-6450-4b38-9a4f-bdf8abb244e8', 'ebf9abcf-d30f-43f8-9d84-145a3910cb65', '64fccad9-e0a5-464d-9d5d-fa7a93b10a0f', '2025-03-22T08:59:52.056943+00:00', '2025-03-22T08:59:52.056943+00:00');
INSERT INTO "WordWordBooks" ("Id", "WordId", "BookId", "CreatedAt", "UpdatedAt") 
        VALUES ('cfe94326-3065-4acf-8dc5-5180364b3e44', '487f4485-fe5d-4e3b-8af3-21a9edb915ed', '64fccad9-e0a5-464d-9d5d-fa7a93b10a0f', '2025-03-22T08:59:52.056943+00:00', '2025-03-22T08:59:52.056943+00:00');
INSERT INTO "WordWordBooks" ("Id", "WordId", "BookId", "CreatedAt", "UpdatedAt") 
        VALUES ('62129e5c-139e-4ed4-92f1-62153aab3e1d', 'f564a559-5648-4822-b563-a2615f0c03e3', '64fccad9-e0a5-464d-9d5d-fa7a93b10a0f', '2025-03-22T08:59:52.056943+00:00', '2025-03-22T08:59:52.056943+00:00');
INSERT INTO "WordWordBooks" ("Id", "WordId", "BookId", "CreatedAt", "UpdatedAt") 
        VALUES ('41ecfc86-7e25-4455-80b7-1fa577112243', '616ec711-8771-4fe4-a6eb-c6f4e0e09728', '64fccad9-e0a5-464d-9d5d-fa7a93b10a0f', '2025-03-22T08:59:52.056943+00:00', '2025-03-22T08:59:52.056943+00:00');
INSERT INTO "WordWordBooks" ("Id", "WordId", "BookId", "CreatedAt", "UpdatedAt") 
        VALUES ('ceda59b8-8b2a-4ba8-9279-0382a91ba243', '941c348e-5a39-4057-8ca8-39388f9f96e1', '64fccad9-e0a5-464d-9d5d-fa7a93b10a0f', '2025-03-22T08:59:52.056943+00:00', '2025-03-22T08:59:52.056943+00:00');
INSERT INTO "WordWordBooks" ("Id", "WordId", "BookId", "CreatedAt", "UpdatedAt") 
        VALUES ('ca9472ab-a791-499f-ae81-3fd0f1773979', '4ef0a5a8-8e43-4369-bd78-a8f6143d9331', '64fccad9-e0a5-464d-9d5d-fa7a93b10a0f', '2025-03-22T08:59:52.056943+00:00', '2025-03-22T08:59:52.056943+00:00');
INSERT INTO "WordWordBooks" ("Id", "WordId", "BookId", "CreatedAt", "UpdatedAt") 
        VALUES ('ad6ac161-0cc4-474f-bd40-01c08d8ef707', 'ae9a94a7-9b8c-4156-ba6d-29bf675c9d04', '64fccad9-e0a5-464d-9d5d-fa7a93b10a0f', '2025-03-22T08:59:52.056943+00:00', '2025-03-22T08:59:52.056943+00:00');
INSERT INTO "WordWordBooks" ("Id", "WordId", "BookId", "CreatedAt", "UpdatedAt") 
        VALUES ('9164f5a0-fa26-4573-84f8-81737d646573', 'fd71a8ca-d1e7-4506-a097-6ee37e84c994', '64fccad9-e0a5-464d-9d5d-fa7a93b10a0f', '2025-03-22T08:59:52.056943+00:00', '2025-03-22T08:59:52.056943+00:00');
INSERT INTO "WordWordBooks" ("Id", "WordId", "BookId", "CreatedAt", "UpdatedAt") 
        VALUES ('d2b812c3-0f9b-4092-8d8c-532a34d9eb7d', 'b8916921-79d2-4e45-92e1-50522ff449de', '64fccad9-e0a5-464d-9d5d-fa7a93b10a0f', '2025-03-22T08:59:52.056943+00:00', '2025-03-22T08:59:52.056943+00:00');
INSERT INTO "WordWordBooks" ("Id", "WordId", "BookId", "CreatedAt", "UpdatedAt") 
        VALUES ('3035f2e7-574d-40c2-be34-f4b86b0e051a', '4eebbec9-ce19-4876-abde-6c9a5c62d2a6', '64fccad9-e0a5-464d-9d5d-fa7a93b10a0f', '2025-03-22T08:59:52.056943+00:00', '2025-03-22T08:59:52.056943+00:00');
INSERT INTO "WordWordBooks" ("Id", "WordId", "BookId", "CreatedAt", "UpdatedAt") 
        VALUES ('31f043ec-7760-4452-af14-93e6c41c3471', 'c16561b4-65b3-4477-b7be-0a7ecd694101', '64fccad9-e0a5-464d-9d5d-fa7a93b10a0f', '2025-03-22T08:59:52.056943+00:00', '2025-03-22T08:59:52.056943+00:00');
INSERT INTO "WordWordBooks" ("Id", "WordId", "BookId", "CreatedAt", "UpdatedAt") 
        VALUES ('d8ab159f-7c70-46f3-aa0b-18468eeef6db', '809f2081-a9fb-4378-a4e7-cd7138dd24fa', '64fccad9-e0a5-464d-9d5d-fa7a93b10a0f', '2025-03-22T08:59:52.056943+00:00', '2025-03-22T08:59:52.056943+00:00');
INSERT INTO "WordWordBooks" ("Id", "WordId", "BookId", "CreatedAt", "UpdatedAt") 
        VALUES ('b4681f07-4e18-4486-823a-7723aef47220', '90f40a20-9ee0-43bd-aaf0-484a92e48d13', '64fccad9-e0a5-464d-9d5d-fa7a93b10a0f', '2025-03-22T08:59:52.056943+00:00', '2025-03-22T08:59:52.056943+00:00');
INSERT INTO "WordWordBooks" ("Id", "WordId", "BookId", "CreatedAt", "UpdatedAt") 
        VALUES ('a1a19713-7385-4bfe-a576-35ea1682f8f0', 'f7e13544-f291-4c35-9b89-75cfc18de440', '64fccad9-e0a5-464d-9d5d-fa7a93b10a0f', '2025-03-22T08:59:52.056943+00:00', '2025-03-22T08:59:52.056943+00:00');
INSERT INTO "WordWordBooks" ("Id", "WordId", "BookId", "CreatedAt", "UpdatedAt") 
        VALUES ('d0740a46-f01d-4576-abf6-8615c68d8bb3', '54af8d39-6468-412b-bc9f-9179c1d5de80', '64fccad9-e0a5-464d-9d5d-fa7a93b10a0f', '2025-03-22T08:59:52.056943+00:00', '2025-03-22T08:59:52.056943+00:00');
INSERT INTO "WordWordBooks" ("Id", "WordId", "BookId", "CreatedAt", "UpdatedAt") 
        VALUES ('60030d48-daad-4d60-a611-dae8bbb34c2c', '3ff4f691-faae-41be-bdc3-88583d7e282f', '64fccad9-e0a5-464d-9d5d-fa7a93b10a0f', '2025-03-22T08:59:52.056943+00:00', '2025-03-22T08:59:52.056943+00:00');
INSERT INTO "WordWordBooks" ("Id", "WordId", "BookId", "CreatedAt", "UpdatedAt") 
        VALUES ('37be0919-a26f-4864-acaa-f6cb3dfee7c4', '841c12b4-db10-42e8-a0fb-29b9c93b5d70', '64fccad9-e0a5-464d-9d5d-fa7a93b10a0f', '2025-03-22T08:59:52.056943+00:00', '2025-03-22T08:59:52.056943+00:00');
INSERT INTO "WordWordBooks" ("Id", "WordId", "BookId", "CreatedAt", "UpdatedAt") 
        VALUES ('b043e7ee-11d3-48be-9e35-09cc0e470f06', 'cae5e998-a8c5-4301-af82-0945f91b73c2', '64fccad9-e0a5-464d-9d5d-fa7a93b10a0f', '2025-03-22T08:59:52.056943+00:00', '2025-03-22T08:59:52.056943+00:00');
INSERT INTO "WordWordBooks" ("Id", "WordId", "BookId", "CreatedAt", "UpdatedAt") 
        VALUES ('5f319148-d8cc-408f-a794-ea6cf61d7072', '37a5c15f-d572-4c5b-9b25-30d0c7d10bd8', '64fccad9-e0a5-464d-9d5d-fa7a93b10a0f', '2025-03-22T08:59:52.056943+00:00', '2025-03-22T08:59:52.056943+00:00');
INSERT INTO "WordWordBooks" ("Id", "WordId", "BookId", "CreatedAt", "UpdatedAt") 
        VALUES ('708a9c05-5172-46a1-a8a0-4de03799ef47', '849e1242-98f2-4922-bbf7-d835fa3250ed', '64fccad9-e0a5-464d-9d5d-fa7a93b10a0f', '2025-03-22T08:59:52.056943+00:00', '2025-03-22T08:59:52.056943+00:00');
INSERT INTO "WordWordBooks" ("Id", "WordId", "BookId", "CreatedAt", "UpdatedAt") 
        VALUES ('2931408d-55c1-4bb1-aabe-16b209c40230', 'b542fd3c-8596-4e02-8a50-a38f4beae986', '64fccad9-e0a5-464d-9d5d-fa7a93b10a0f', '2025-03-22T08:59:52.056943+00:00', '2025-03-22T08:59:52.056943+00:00');
INSERT INTO "WordWordBooks" ("Id", "WordId", "BookId", "CreatedAt", "UpdatedAt") 
        VALUES ('3b0e8a97-0c89-4bfe-bc63-07fd044b8b65', '0a7b32ff-4e4c-47f5-a049-2ef4f48952b3', '64fccad9-e0a5-464d-9d5d-fa7a93b10a0f', '2025-03-22T08:59:52.056943+00:00', '2025-03-22T08:59:52.056943+00:00');
INSERT INTO "WordWordBooks" ("Id", "WordId", "BookId", "CreatedAt", "UpdatedAt") 
        VALUES ('8a3ea56e-8e9f-4d2c-a6e3-c5dbe39a5aed', '2b0f9d58-8e27-402d-b27a-0de14d17aedd', '64fccad9-e0a5-464d-9d5d-fa7a93b10a0f', '2025-03-22T08:59:52.056943+00:00', '2025-03-22T08:59:52.056943+00:00');
INSERT INTO "WordWordBooks" ("Id", "WordId", "BookId", "CreatedAt", "UpdatedAt") 
        VALUES ('fa3fc819-0fc6-4dc4-9386-bc56e740eb80', '7d799d70-cda2-42b3-98b5-650ac1fd0a7e', '64fccad9-e0a5-464d-9d5d-fa7a93b10a0f', '2025-03-22T08:59:52.056943+00:00', '2025-03-22T08:59:52.056943+00:00');