INSERT INTO "Words" ("Id", "WordText", "Pronunciation", "Definition", "PrimaryDefinition", "ExampleSentence", "CreatedAt", "UpdatedAt") 
              VALUES ('9b54bb51-0240-4100-b3f6-374b00b2aaeb', 'lucky', '''lʌki', 'a. 幸运的, 吉祥的, 好运的, 侥幸的', 'a. 幸运的, 吉祥的, 好运的, 侥幸的', '', '2025-03-28T07:22:20.256640+00:00', '2025-03-28T07:22:20.256640+00:00');
INSERT INTO "Words" ("Id", "WordText", "Pronunciation", "Definition", "PrimaryDefinition", "ExampleSentence", "CreatedAt", "UpdatedAt") 
              VALUES ('eee187eb-c2e2-41f4-81c7-2b2e83cb6921', 'heaven', '''hevn', 'n. 天堂, 上帝, 天空', 'n. 天堂, 上帝, 天空', '', '2025-03-28T07:22:20.256640+00:00', '2025-03-28T07:22:20.256640+00:00');
INSERT INTO "Words" ("Id", "WordText", "Pronunciation", "Definition", "PrimaryDefinition", "ExampleSentence", "CreatedAt", "UpdatedAt") 
              VALUES ('e5d510f2-865b-496a-9c58-f7b44f63a157', 'lock', 'lɒk', 'n. 锁, 刹车, 水闸, 一缕头发
vt. 锁, 锁上, 拘禁, 隐藏, (用锁等)拴住, 刹住
vi. 锁住, (齿轮等)啮合, (船)过闸', 'n. 锁, 刹车, 水闸, 一缕头发', '', '2025-03-28T07:22:20.256640+00:00', '2025-03-28T07:22:20.256640+00:00');
INSERT INTO "Words" ("Id", "WordText", "Pronunciation", "Definition", "PrimaryDefinition", "ExampleSentence", "CreatedAt", "UpdatedAt") 
              VALUES ('424c3f8d-9f74-4abc-bf06-c2037c4505d9', 'shy', 'ʃai', 'n. 惊跳, 惊避
a. 胆怯的, 畏缩的, 迟疑的, 羞怯的
vi. 惊退, 乱投, 乱掷, 厌恶, 避开
vt. 乱投, 乱掷', 'a. 胆怯的, 畏缩的, 迟疑的, 羞怯的', '', '2025-03-28T07:22:20.256640+00:00', '2025-03-28T07:22:20.256640+00:00');
INSERT INTO "Words" ("Id", "WordText", "Pronunciation", "Definition", "PrimaryDefinition", "ExampleSentence", "CreatedAt", "UpdatedAt") 
              VALUES ('c263e155-21b1-421e-a45a-b77cfcbb7f4c', 'bucket', '''bʌkit', 'n. 桶
[计] 存储桶; 桶', 'n. 桶', '', '2025-03-28T07:22:20.256640+00:00', '2025-03-28T07:22:20.256640+00:00');
INSERT INTO "Words" ("Id", "WordText", "Pronunciation", "Definition", "PrimaryDefinition", "ExampleSentence", "CreatedAt", "UpdatedAt") 
              VALUES ('509e3059-b381-4171-935d-ae6e1078db1f', 'logical', '''lɒdʒikәl', 'a. 合乎逻辑的, 合理的
[法] 逻辑的, 符合逻辑的', 'a. 合乎逻辑的, 合理的', '', '2025-03-28T07:22:20.256640+00:00', '2025-03-28T07:22:20.256640+00:00');
INSERT INTO "Words" ("Id", "WordText", "Pronunciation", "Definition", "PrimaryDefinition", "ExampleSentence", "CreatedAt", "UpdatedAt") 
              VALUES ('a9ecfe4f-4474-47c6-9242-2b347d7e3037', 'shop', 'ʃɒp', 'n. 商店, 工厂, 车间
vi. 购物, 到处寻找
vt. 选购', 'n. 商店, 工厂, 车间', '', '2025-03-28T07:22:20.256640+00:00', '2025-03-28T07:22:20.256640+00:00');
INSERT INTO "Words" ("Id", "WordText", "Pronunciation", "Definition", "PrimaryDefinition", "ExampleSentence", "CreatedAt", "UpdatedAt") 
              VALUES ('d78c9cba-de04-4214-a4ec-80a87eb83199', 'special', '''speʃәl', 'n. 专辑, 专车, 号外, 特别的东西, 负有特别任务的人员
a. 特别的, 专门的, 特殊的, 额外的, 附加的, 特别亲密的', 'n. 专辑, 专车, 号外, 特别的东西, 负有特别任务的人员', '', '2025-03-28T07:22:20.256640+00:00', '2025-03-28T07:22:20.256640+00:00');
INSERT INTO "Words" ("Id", "WordText", "Pronunciation", "Definition", "PrimaryDefinition", "ExampleSentence", "CreatedAt", "UpdatedAt") 
              VALUES ('d2ed90f2-9852-4156-b784-5edf1cd2a1b0', 'bubble', '''bʌbl', 'n. 泡沫
vi. 冒泡, 沸腾
vt. 使冒泡, 滔滔不绝地说', 'n. 泡沫', '', '2025-03-28T07:22:20.256640+00:00', '2025-03-28T07:22:20.256640+00:00');
INSERT INTO "Words" ("Id", "WordText", "Pronunciation", "Definition", "PrimaryDefinition", "ExampleSentence", "CreatedAt", "UpdatedAt") 
              VALUES ('306bbe1e-40b5-4174-bf1b-85f11600e08b', 'monkey', '''mʌŋki', 'n. 猴子, 猿, 打桩锤
vi. 淘气, 胡闹
vt. 嘲弄', 'n. 猴子, 猿, 打桩锤', '', '2025-03-28T07:22:20.256640+00:00', '2025-03-28T07:22:20.256640+00:00');
INSERT INTO "Words" ("Id", "WordText", "Pronunciation", "Definition", "PrimaryDefinition", "ExampleSentence", "CreatedAt", "UpdatedAt") 
              VALUES ('7df07a86-4648-456a-8dd0-b68c7d1cdd09', 'airline', '''єәlain', 'n. 航线, 航线的设备, 航空公司', 'n. 航线, 航线的设备, 航空公司', '', '2025-03-28T07:22:20.256640+00:00', '2025-03-28T07:22:20.256640+00:00');
INSERT INTO "Words" ("Id", "WordText", "Pronunciation", "Definition", "PrimaryDefinition", "ExampleSentence", "CreatedAt", "UpdatedAt") 
              VALUES ('c4b8ffe5-8087-42b6-9243-d61378b4e88e', 'monitor', '''mɒnitә', 'n. 监督器, 级长, 监听员, 班长, 监视器, 告诫物
v. 监视, 监听, 监督
[计] 监视器, 监视程序; 监视', 'n. 监督器, 级长, 监听员, 班长, 监视器, 告诫物', '', '2025-03-28T07:22:20.256640+00:00', '2025-03-28T07:22:20.256640+00:00');
INSERT INTO "Words" ("Id", "WordText", "Pronunciation", "Definition", "PrimaryDefinition", "ExampleSentence", "CreatedAt", "UpdatedAt") 
              VALUES ('9c036bad-8404-445a-99cc-d1ff45f2bb01', 'view', 'vju:', 'n. 视野, 风景, 见解, 视力, 观看, 视图, 指望, 意图, 印象
vt. 看, 考虑, 视察, 查看, 估量
[计] 视图', 'n. 视野, 风景, 见解, 视力, 观看, 视图, 指望, 意图, 印象', '', '2025-03-28T07:22:20.256640+00:00', '2025-03-28T07:22:20.256640+00:00');
INSERT INTO "Words" ("Id", "WordText", "Pronunciation", "Definition", "PrimaryDefinition", "ExampleSentence", "CreatedAt", "UpdatedAt") 
              VALUES ('f1b39cf8-c534-4d8b-960a-bbf972988765', 'phone', 'fәun', 'n. 电话, 受话器, 耳机
vt. 打电话给
vi. 打电话', 'n. 电话, 受话器, 耳机', '', '2025-03-28T07:22:20.256640+00:00', '2025-03-28T07:22:20.256640+00:00');
INSERT INTO "Words" ("Id", "WordText", "Pronunciation", "Definition", "PrimaryDefinition", "ExampleSentence", "CreatedAt", "UpdatedAt") 
              VALUES ('661b94be-22e7-44e3-89f7-7ceefe5148f9', 'radius', '''reidiәs', 'n. 半径, 范围, 辐射光线
[电] 半径', 'n. 半径, 范围', '', '2025-03-28T07:22:20.256640+00:00', '2025-03-28T07:22:20.256640+00:00');
INSERT INTO "Words" ("Id", "WordText", "Pronunciation", "Definition", "PrimaryDefinition", "ExampleSentence", "CreatedAt", "UpdatedAt") 
              VALUES ('42a500c3-302c-4705-85bb-b9f2002c3a5a', 'spaceship', '''speisʃip', 'n. 宇宙飞船', 'n. 宇宙飞船', '', '2025-03-28T07:22:20.256640+00:00', '2025-03-28T07:22:20.256640+00:00');
INSERT INTO "Words" ("Id", "WordText", "Pronunciation", "Definition", "PrimaryDefinition", "ExampleSentence", "CreatedAt", "UpdatedAt") 
              VALUES ('37dc5bf7-4961-4933-9a68-19867c65c9c8', 'furniture', '''fәnitʃә', 'n. 家具, 帆具', 'n. 家具, 帆具', '', '2025-03-28T07:22:20.256640+00:00', '2025-03-28T07:22:20.256640+00:00');
INSERT INTO "Words" ("Id", "WordText", "Pronunciation", "Definition", "PrimaryDefinition", "ExampleSentence", "CreatedAt", "UpdatedAt") 
              VALUES ('54aeb9b6-7a53-4221-a7a1-8783c17a1479', 'memorial', 'mi''mɒ:riәl', 'n. 纪念物, 请愿书
a. 记念的, 记忆的', 'n. 纪念物, 请愿书', '', '2025-03-28T07:22:20.256640+00:00', '2025-03-28T07:22:20.256640+00:00');
INSERT INTO "Words" ("Id", "WordText", "Pronunciation", "Definition", "PrimaryDefinition", "ExampleSentence", "CreatedAt", "UpdatedAt") 
              VALUES ('be56268b-f3ee-48d1-a529-590c7e574827', 'bird', 'bә:d', 'n. 鸟, 羽毛球
vi. 打鸟', 'n. 鸟, 羽毛球', '', '2025-03-28T07:22:20.256640+00:00', '2025-03-28T07:22:20.256640+00:00');
INSERT INTO "Words" ("Id", "WordText", "Pronunciation", "Definition", "PrimaryDefinition", "ExampleSentence", "CreatedAt", "UpdatedAt") 
              VALUES ('f8dd0e07-b6e0-4be3-81fa-9405bdb7fca2', 'economic', '.i:kә''nɒmik', 'a. 经济上的, 实用的, 节省的
[经] 经济的', 'a. 经济上的, 实用的, 节省的', '', '2025-03-28T07:22:20.256640+00:00', '2025-03-28T07:22:20.256640+00:00');
INSERT INTO "Words" ("Id", "WordText", "Pronunciation", "Definition", "PrimaryDefinition", "ExampleSentence", "CreatedAt", "UpdatedAt") 
              VALUES ('7d7c62cd-5362-4cb8-9c59-c603dc24ebfe', 'soft', 'sɒft', 'a. 软的, 温和的, 柔和的, 柔滑的, 温柔的, 软弱的, 坡度小的, 笨的, 纸币的
n. 柔软的东西, 笨人, 纸币
adv. 柔软地, 温和地', 'a. 软的, 温和的, 柔和的, 柔滑的, 温柔的, 软弱的, 坡度小的, 笨的,', '', '2025-03-28T07:22:20.256640+00:00', '2025-03-28T07:22:20.256640+00:00');
INSERT INTO "Words" ("Id", "WordText", "Pronunciation", "Definition", "PrimaryDefinition", "ExampleSentence", "CreatedAt", "UpdatedAt") 
              VALUES ('4705f5e7-b8d1-487e-b516-c6caacb16bad', 'cry', 'krai', 'n. 叫声, 哭声, 大叫
vi. 哭, 叫, 喊
vt. 叫喊, 大声说, 哭出', 'n. 叫声, 哭声, 大叫', '', '2025-03-28T07:22:20.256640+00:00', '2025-03-28T07:22:20.256640+00:00');
INSERT INTO "Words" ("Id", "WordText", "Pronunciation", "Definition", "PrimaryDefinition", "ExampleSentence", "CreatedAt", "UpdatedAt") 
              VALUES ('c29796d0-cffb-4e47-8ce8-bba7603203c6', 'sentence', '''sentәns', 'n. 句子, 命题, 宣判
vt. 宣判, 判决
[计] 句子', 'n. 句子, 命题, 宣判', '', '2025-03-28T07:22:20.256640+00:00', '2025-03-28T07:22:20.256640+00:00');
INSERT INTO "Words" ("Id", "WordText", "Pronunciation", "Definition", "PrimaryDefinition", "ExampleSentence", "CreatedAt", "UpdatedAt") 
              VALUES ('529e9424-ff6b-4c68-9e37-01502433c750', 'physics', '''fiziks', 'n. 物理学, 物理过程, 物理现象
[化] 物理; 物理学', 'n. 物理学, 物理过程, 物理现象', '', '2025-03-28T07:22:20.256640+00:00', '2025-03-28T07:22:20.256640+00:00');
INSERT INTO "Words" ("Id", "WordText", "Pronunciation", "Definition", "PrimaryDefinition", "ExampleSentence", "CreatedAt", "UpdatedAt") 
              VALUES ('e7bb897e-c2d7-4b28-9376-2a48c405e05e', 'office', '''ɒfis', 'n. 办公室, 部, 公职, 职责
[化] 办公室', 'n. 办公室, 部, 公职, 职责', '', '2025-03-28T07:22:20.256640+00:00', '2025-03-28T07:22:20.256640+00:00');
INSERT INTO "Words" ("Id", "WordText", "Pronunciation", "Definition", "PrimaryDefinition", "ExampleSentence", "CreatedAt", "UpdatedAt") 
              VALUES ('71ee6c45-b096-4a8c-9a5c-d083d27a2400', 'rail', 'reil', 'n. 横杆, 围栏, 栏杆, 铁轨, 扶手, 秧鸡
vt. 以横木围栏, 给...铺铁轨
vi. 责骂, 抱怨', 'n. 横杆, 围栏, 栏杆, 铁轨, 扶手, 秧鸡', '', '2025-03-28T07:22:20.256640+00:00', '2025-03-28T07:22:20.256640+00:00');
INSERT INTO "Words" ("Id", "WordText", "Pronunciation", "Definition", "PrimaryDefinition", "ExampleSentence", "CreatedAt", "UpdatedAt") 
              VALUES ('179bd92a-5c10-4d7e-99ef-4e6f79c68da0', 'hotel', 'hәu''tel', 'n. 旅馆, 客栈', 'n. 旅馆, 客栈', '', '2025-03-28T07:22:20.256640+00:00', '2025-03-28T07:22:20.256640+00:00');
INSERT INTO "Words" ("Id", "WordText", "Pronunciation", "Definition", "PrimaryDefinition", "ExampleSentence", "CreatedAt", "UpdatedAt") 
              VALUES ('63eb6c77-4a43-4caf-b94d-7eebae2b3caf', 'strawberry', '''strɒ:bәri', 'n. 草莓', 'n. 草莓', '', '2025-03-28T07:22:20.256640+00:00', '2025-03-28T07:22:20.256640+00:00');
INSERT INTO "Words" ("Id", "WordText", "Pronunciation", "Definition", "PrimaryDefinition", "ExampleSentence", "CreatedAt", "UpdatedAt") 
              VALUES ('6ba77efa-5fc0-4674-aac8-e29a6db18e2c', 'bloom', 'blu:m', 'n. 花, 开花, 青春, 钢块
vi. 开花, 焕发青春, 茂盛
vt. 使茂盛, 把...轧成钢坯', 'n. 花, 开花, 青春, 钢块', '', '2025-03-28T07:22:20.256640+00:00', '2025-03-28T07:22:20.256640+00:00');
INSERT INTO "Words" ("Id", "WordText", "Pronunciation", "Definition", "PrimaryDefinition", "ExampleSentence", "CreatedAt", "UpdatedAt") 
              VALUES ('52554040-ea57-4def-834e-a7484f50a9bf', 'candy', '''kændi', 'n. 糖果, 冰糖
vt. 用糖煮, 使结晶为砂糖
vi. 结晶为砂糖', 'n. 糖果, 冰糖', '', '2025-03-28T07:22:20.256640+00:00', '2025-03-28T07:22:20.256640+00:00');
INSERT INTO "Words" ("Id", "WordText", "Pronunciation", "Definition", "PrimaryDefinition", "ExampleSentence", "CreatedAt", "UpdatedAt") 
              VALUES ('b43f7276-9ed9-46a8-a0a2-e00013eb310c', 'helmet', '''helmit', 'n. 钢盔, 盔, 防护帽
vt. 给...戴头盔', 'n. 钢盔, 盔, 防护帽', '', '2025-03-28T07:22:20.256640+00:00', '2025-03-28T07:22:20.256640+00:00');
INSERT INTO "Words" ("Id", "WordText", "Pronunciation", "Definition", "PrimaryDefinition", "ExampleSentence", "CreatedAt", "UpdatedAt") 
              VALUES ('d2354f17-a23e-48ed-a8de-e540ebdaa6de', 'mountain', '''mauntin', 'n. 山, 山脉, 大堆', 'n. 山, 山脉, 大堆', '', '2025-03-28T07:22:20.256640+00:00', '2025-03-28T07:22:20.256640+00:00');
INSERT INTO "Words" ("Id", "WordText", "Pronunciation", "Definition", "PrimaryDefinition", "ExampleSentence", "CreatedAt", "UpdatedAt") 
              VALUES ('f2d1aef8-c8f1-45b4-8a90-d3370be4bf17', 'ceiling', '''si:liŋ', 'n. 天花板
[经] 顶点, 顶线, 上限', 'n. 天花板', '', '2025-03-28T07:22:20.256640+00:00', '2025-03-28T07:22:20.256640+00:00');
INSERT INTO "Words" ("Id", "WordText", "Pronunciation", "Definition", "PrimaryDefinition", "ExampleSentence", "CreatedAt", "UpdatedAt") 
              VALUES ('0cc03768-8cc4-4576-8234-8293f716f81a', 'system', '''sistәm', 'n. 系统, 体系, 制度, 方式, 秩序, 分类原则
[计] 系统; 体制; 体系', 'n. 系统, 体系, 制度, 方式, 秩序, 分类原则', '', '2025-03-28T07:22:20.256640+00:00', '2025-03-28T07:22:20.256640+00:00');
INSERT INTO "Words" ("Id", "WordText", "Pronunciation", "Definition", "PrimaryDefinition", "ExampleSentence", "CreatedAt", "UpdatedAt") 
              VALUES ('e133eed6-4b8d-4b00-81cf-e7886d16fab7', 'narrow', '''nærәu', 'n. 狭窄部分, 隘路
a. 狭窄的, 仔细的, 有限的, 勉强的, 狭隘的, 手紧的
vi. 变窄
vt. 使变狭窄', 'n. 狭窄部分, 隘路', '', '2025-03-28T07:22:20.256640+00:00', '2025-03-28T07:22:20.256640+00:00');
INSERT INTO "Words" ("Id", "WordText", "Pronunciation", "Definition", "PrimaryDefinition", "ExampleSentence", "CreatedAt", "UpdatedAt") 
              VALUES ('3513c675-290c-4319-a265-d170bf08bfe8', 'stone', 'stәun', 'n. 石头, 宝石, 果核, 纪念碑, 结石
vt. 投扔石子, 铺石头
a. 石的, 石制的, 完全的', 'n. 石头, 宝石, 果核, 纪念碑, 结石', '', '2025-03-28T07:22:20.256640+00:00', '2025-03-28T07:22:20.256640+00:00');
INSERT INTO "Words" ("Id", "WordText", "Pronunciation", "Definition", "PrimaryDefinition", "ExampleSentence", "CreatedAt", "UpdatedAt") 
              VALUES ('46f212e8-a021-42b0-a950-fc2de66f9d12', 'planet', '''plænit', 'n. 行星, 命运星辰, 杰出的人, 重大影响的事', 'n. 行星, 命运星辰, 杰出的人, 重大影响的事', '', '2025-03-28T07:22:20.256640+00:00', '2025-03-28T07:22:20.256640+00:00');
INSERT INTO "Words" ("Id", "WordText", "Pronunciation", "Definition", "PrimaryDefinition", "ExampleSentence", "CreatedAt", "UpdatedAt") 
              VALUES ('7ccd9764-207b-431a-837a-eb0b0b719f25', 'market', '''mɑ:kit', 'n. 市场, 交易, 集市, 推销地区, 行情, 市面, 销路
vt. 在市场上交易, 使上市, 销售
vi. 在市场上买卖', 'n. 市场, 交易, 集市, 推销地区, 行情, 市面, 销路', '', '2025-03-28T07:22:20.256640+00:00', '2025-03-28T07:22:20.256640+00:00');
INSERT INTO "Words" ("Id", "WordText", "Pronunciation", "Definition", "PrimaryDefinition", "ExampleSentence", "CreatedAt", "UpdatedAt") 
              VALUES ('f72fd1c0-cf52-4987-b558-c395f7002905', 'girl', 'gә:l', 'n. 女孩, 少女, 女佣', 'n. 女孩, 少女, 女佣', '', '2025-03-28T07:22:20.256640+00:00', '2025-03-28T07:22:20.256640+00:00');
INSERT INTO "Words" ("Id", "WordText", "Pronunciation", "Definition", "PrimaryDefinition", "ExampleSentence", "CreatedAt", "UpdatedAt") 
              VALUES ('929e7031-26d4-4bec-9f11-429494e5a507', 'engine', '''endʒin', 'n. 引擎, 发动机, 机车
vt. 安装发动机于', 'n. 引擎, 发动机, 机车', '', '2025-03-28T07:22:20.256640+00:00', '2025-03-28T07:22:20.256640+00:00');
INSERT INTO "Words" ("Id", "WordText", "Pronunciation", "Definition", "PrimaryDefinition", "ExampleSentence", "CreatedAt", "UpdatedAt") 
              VALUES ('326c2e95-4a5e-4425-a74d-316695fab329', 'viewpoint', '''vju:pɒint', 'n. 观点', 'n. 观点', '', '2025-03-28T07:22:20.256640+00:00', '2025-03-28T07:22:20.256640+00:00');
INSERT INTO "Words" ("Id", "WordText", "Pronunciation", "Definition", "PrimaryDefinition", "ExampleSentence", "CreatedAt", "UpdatedAt") 
              VALUES ('cdee5e0f-1f75-4e0d-9812-7767015eb425', 'CORE', 'kɒ:', 'n. 核心, 果心, 要点
vt. 挖...的核
[计] 内核, 核心网', 'n. 核心, 果心, 要点', '', '2025-03-28T07:22:20.256640+00:00', '2025-03-28T07:22:20.256640+00:00');
INSERT INTO "Words" ("Id", "WordText", "Pronunciation", "Definition", "PrimaryDefinition", "ExampleSentence", "CreatedAt", "UpdatedAt") 
              VALUES ('e4aa9065-8d67-4ebb-b69a-03a52f272865', 'magnet', '''mægnit', 'n. 磁铁, 有吸引力之人, 有吸引力之物
[化] 磁体', 'n. 磁铁, 有吸引力之人, 有吸引力之物', '', '2025-03-28T07:22:20.256640+00:00', '2025-03-28T07:22:20.256640+00:00');
INSERT INTO "Words" ("Id", "WordText", "Pronunciation", "Definition", "PrimaryDefinition", "ExampleSentence", "CreatedAt", "UpdatedAt") 
              VALUES ('c6172ebb-77ed-440f-921b-596ea21dfc0b', 'fox', 'fɒks', 'n. 狐狸, 狡猾的人
vi. 奸狡地行动, (书页)生斑, 变酸
vt. 欺骗, 使变酸, 为(鞋等)换面, 使生黄斑', 'n. 狐狸, 狡猾的人', '', '2025-03-28T07:22:20.256640+00:00', '2025-03-28T07:22:20.256640+00:00');
INSERT INTO "Words" ("Id", "WordText", "Pronunciation", "Definition", "PrimaryDefinition", "ExampleSentence", "CreatedAt", "UpdatedAt") 
              VALUES ('263ec750-32d4-48b0-93d7-f0f8e67eb877', 'fate', 'feit', 'n. 命运, 运气
vt. 注定', 'n. 命运, 运气', '', '2025-03-28T07:22:20.256640+00:00', '2025-03-28T07:22:20.256640+00:00');
INSERT INTO "Words" ("Id", "WordText", "Pronunciation", "Definition", "PrimaryDefinition", "ExampleSentence", "CreatedAt", "UpdatedAt") 
              VALUES ('eb3424f4-2334-4552-b095-7fd507ac384c', 'robot', '''rәubәt', 'n. 机械人, 自动机械, 机械般工作的人
[计] 机器人; 自动机', 'n. 机械人, 自动机械, 机械般工作的人', '', '2025-03-28T07:22:20.256640+00:00', '2025-03-28T07:22:20.256640+00:00');
INSERT INTO "Words" ("Id", "WordText", "Pronunciation", "Definition", "PrimaryDefinition", "ExampleSentence", "CreatedAt", "UpdatedAt") 
              VALUES ('092cb042-bb52-47ca-80ec-bd2172d9e14e', 'nature', '''neitʃә', 'n. 自然, 大自然, 本性, 性格, 性质
[医] 自然, 大自然; 本性, 性能', 'n. 自然, 大自然, 本性, 性格, 性质', '', '2025-03-28T07:22:20.256640+00:00', '2025-03-28T07:22:20.256640+00:00');
INSERT INTO "Words" ("Id", "WordText", "Pronunciation", "Definition", "PrimaryDefinition", "ExampleSentence", "CreatedAt", "UpdatedAt") 
              VALUES ('3573ba2b-6257-4b93-8049-98b15a5dc4cb', 'circuit', '''sә:kit', 'n. 电路, 环(行)道, 巡回
[计] 线路; 电路', 'n. 电路, 环(行)道, 巡回', '', '2025-03-28T07:22:20.256640+00:00', '2025-03-28T07:22:20.256640+00:00');
INSERT INTO "Words" ("Id", "WordText", "Pronunciation", "Definition", "PrimaryDefinition", "ExampleSentence", "CreatedAt", "UpdatedAt") 
              VALUES ('32359b2b-9d28-42e2-9489-d07d16c902d5', 'repair', 'ri''pєә', 'n. 修理, 补救, 修复
vt. 修理, 修补, 补救, 恢复, 补偿
vi. 修理, 修补, 补救, 恢复, 去, 常去, 集合', 'n. 修理, 补救, 修复', '', '2025-03-28T07:22:20.256640+00:00', '2025-03-28T07:22:20.256640+00:00');
INSERT INTO "Words" ("Id", "WordText", "Pronunciation", "Definition", "PrimaryDefinition", "ExampleSentence", "CreatedAt", "UpdatedAt") 
              VALUES ('9717b67f-25e1-4ae0-bda6-8ed6cbecd53e', 'team', 'ti:m', 'n. 队, 组
vt. 把马(牛)套在同一辆车上, 把...编成一组
vi. 驾驶卡车, 协作', 'n. 队, 组', '', '2025-03-28T07:22:20.256640+00:00', '2025-03-28T07:22:20.256640+00:00');
INSERT INTO "WordDistractors" ("Id", "WordId", "DistractorId", "CreatedAt", "UpdatedAt") 
                  VALUES ('5a1cd2e0-d127-4def-92e5-8591acf74b09', '9b54bb51-0240-4100-b3f6-374b00b2aaeb', 'eb3424f4-2334-4552-b095-7fd507ac384c', '2025-03-28T07:22:20.256640+00:00', '2025-03-28T07:22:20.256640+00:00');
INSERT INTO "WordDistractors" ("Id", "WordId", "DistractorId", "CreatedAt", "UpdatedAt") 
                  VALUES ('f7508672-5bf6-4029-a2f7-a3f3a346c7aa', '9b54bb51-0240-4100-b3f6-374b00b2aaeb', 'f8dd0e07-b6e0-4be3-81fa-9405bdb7fca2', '2025-03-28T07:22:20.256640+00:00', '2025-03-28T07:22:20.256640+00:00');
INSERT INTO "WordDistractors" ("Id", "WordId", "DistractorId", "CreatedAt", "UpdatedAt") 
                  VALUES ('c8261d03-db4b-4799-a2a6-e87095c6e9e4', '9b54bb51-0240-4100-b3f6-374b00b2aaeb', 'e133eed6-4b8d-4b00-81cf-e7886d16fab7', '2025-03-28T07:22:20.256640+00:00', '2025-03-28T07:22:20.256640+00:00');
INSERT INTO "WordDistractors" ("Id", "WordId", "DistractorId", "CreatedAt", "UpdatedAt") 
                  VALUES ('37968fc5-5b53-4d3e-84b1-d51e309a5c9d', 'eee187eb-c2e2-41f4-81c7-2b2e83cb6921', 'e5d510f2-865b-496a-9c58-f7b44f63a157', '2025-03-28T07:22:20.256640+00:00', '2025-03-28T07:22:20.256640+00:00');
INSERT INTO "WordDistractors" ("Id", "WordId", "DistractorId", "CreatedAt", "UpdatedAt") 
                  VALUES ('189c9a91-0247-435a-98f4-41a0a046604e', 'eee187eb-c2e2-41f4-81c7-2b2e83cb6921', 'f8dd0e07-b6e0-4be3-81fa-9405bdb7fca2', '2025-03-28T07:22:20.256640+00:00', '2025-03-28T07:22:20.256640+00:00');
INSERT INTO "WordDistractors" ("Id", "WordId", "DistractorId", "CreatedAt", "UpdatedAt") 
                  VALUES ('68382901-1286-449f-bfb8-7d13e138510a', 'eee187eb-c2e2-41f4-81c7-2b2e83cb6921', '509e3059-b381-4171-935d-ae6e1078db1f', '2025-03-28T07:22:20.256640+00:00', '2025-03-28T07:22:20.256640+00:00');
INSERT INTO "WordDistractors" ("Id", "WordId", "DistractorId", "CreatedAt", "UpdatedAt") 
                  VALUES ('09b0b284-fa9e-42a9-937d-515aaacf2666', 'e5d510f2-865b-496a-9c58-f7b44f63a157', '9b54bb51-0240-4100-b3f6-374b00b2aaeb', '2025-03-28T07:22:20.256640+00:00', '2025-03-28T07:22:20.256640+00:00');
INSERT INTO "WordDistractors" ("Id", "WordId", "DistractorId", "CreatedAt", "UpdatedAt") 
                  VALUES ('05e1036b-f738-4887-ae55-a83e34974e72', 'e5d510f2-865b-496a-9c58-f7b44f63a157', '3573ba2b-6257-4b93-8049-98b15a5dc4cb', '2025-03-28T07:22:20.256640+00:00', '2025-03-28T07:22:20.256640+00:00');
INSERT INTO "WordDistractors" ("Id", "WordId", "DistractorId", "CreatedAt", "UpdatedAt") 
                  VALUES ('98e68ccb-c92e-4f34-a4b0-a6a1ce86f6e0', 'e5d510f2-865b-496a-9c58-f7b44f63a157', 'cdee5e0f-1f75-4e0d-9812-7767015eb425', '2025-03-28T07:22:20.256640+00:00', '2025-03-28T07:22:20.256640+00:00');
INSERT INTO "WordDistractors" ("Id", "WordId", "DistractorId", "CreatedAt", "UpdatedAt") 
                  VALUES ('7237cd6c-0ba4-4dc0-9ee0-290d102af50d', '424c3f8d-9f74-4abc-bf06-c2037c4505d9', 'c4b8ffe5-8087-42b6-9243-d61378b4e88e', '2025-03-28T07:22:20.256640+00:00', '2025-03-28T07:22:20.256640+00:00');
INSERT INTO "WordDistractors" ("Id", "WordId", "DistractorId", "CreatedAt", "UpdatedAt") 
                  VALUES ('466ecf6b-57c6-473c-90ea-7846d67bdce2', '424c3f8d-9f74-4abc-bf06-c2037c4505d9', 'eb3424f4-2334-4552-b095-7fd507ac384c', '2025-03-28T07:22:20.256640+00:00', '2025-03-28T07:22:20.256640+00:00');
INSERT INTO "WordDistractors" ("Id", "WordId", "DistractorId", "CreatedAt", "UpdatedAt") 
                  VALUES ('8ddbbeae-da73-48c4-ab17-58f6e38ab256', '424c3f8d-9f74-4abc-bf06-c2037c4505d9', 'a9ecfe4f-4474-47c6-9242-2b347d7e3037', '2025-03-28T07:22:20.256640+00:00', '2025-03-28T07:22:20.256640+00:00');
INSERT INTO "WordDistractors" ("Id", "WordId", "DistractorId", "CreatedAt", "UpdatedAt") 
                  VALUES ('ba697804-d586-4fc0-8cec-48860a450ef5', 'c263e155-21b1-421e-a45a-b77cfcbb7f4c', 'd78c9cba-de04-4214-a4ec-80a87eb83199', '2025-03-28T07:22:20.256640+00:00', '2025-03-28T07:22:20.256640+00:00');
INSERT INTO "WordDistractors" ("Id", "WordId", "DistractorId", "CreatedAt", "UpdatedAt") 
                  VALUES ('39696691-664a-4aa0-85c2-f6e90b5712da', 'c263e155-21b1-421e-a45a-b77cfcbb7f4c', '929e7031-26d4-4bec-9f11-429494e5a507', '2025-03-28T07:22:20.256640+00:00', '2025-03-28T07:22:20.256640+00:00');
INSERT INTO "WordDistractors" ("Id", "WordId", "DistractorId", "CreatedAt", "UpdatedAt") 
                  VALUES ('a5a824a2-fdb0-46d5-8b1d-7a3293a4680b', 'c263e155-21b1-421e-a45a-b77cfcbb7f4c', 'f1b39cf8-c534-4d8b-960a-bbf972988765', '2025-03-28T07:22:20.256640+00:00', '2025-03-28T07:22:20.256640+00:00');
INSERT INTO "WordDistractors" ("Id", "WordId", "DistractorId", "CreatedAt", "UpdatedAt") 
                  VALUES ('64cb6362-dec4-4f3e-9ef8-68218ff86c4d', '509e3059-b381-4171-935d-ae6e1078db1f', 'f8dd0e07-b6e0-4be3-81fa-9405bdb7fca2', '2025-03-28T07:22:20.256640+00:00', '2025-03-28T07:22:20.256640+00:00');
INSERT INTO "WordDistractors" ("Id", "WordId", "DistractorId", "CreatedAt", "UpdatedAt") 
                  VALUES ('9fad7427-fa3c-408d-884f-198f9b6cbc4f', '509e3059-b381-4171-935d-ae6e1078db1f', '42a500c3-302c-4705-85bb-b9f2002c3a5a', '2025-03-28T07:22:20.256640+00:00', '2025-03-28T07:22:20.256640+00:00');
INSERT INTO "WordDistractors" ("Id", "WordId", "DistractorId", "CreatedAt", "UpdatedAt") 
                  VALUES ('260ab209-b71b-4dba-986e-b3bfbfdd1ecc', '509e3059-b381-4171-935d-ae6e1078db1f', '306bbe1e-40b5-4174-bf1b-85f11600e08b', '2025-03-28T07:22:20.256640+00:00', '2025-03-28T07:22:20.256640+00:00');
INSERT INTO "WordDistractors" ("Id", "WordId", "DistractorId", "CreatedAt", "UpdatedAt") 
                  VALUES ('be8b3963-5b46-47c4-88e3-f0da7ac92e5b', 'a9ecfe4f-4474-47c6-9242-2b347d7e3037', '37dc5bf7-4961-4933-9a68-19867c65c9c8', '2025-03-28T07:22:20.256640+00:00', '2025-03-28T07:22:20.256640+00:00');
INSERT INTO "WordDistractors" ("Id", "WordId", "DistractorId", "CreatedAt", "UpdatedAt") 
                  VALUES ('26bb780b-ec38-484b-b517-55bf71863ff9', 'a9ecfe4f-4474-47c6-9242-2b347d7e3037', 'd2354f17-a23e-48ed-a8de-e540ebdaa6de', '2025-03-28T07:22:20.256640+00:00', '2025-03-28T07:22:20.256640+00:00');
INSERT INTO "WordDistractors" ("Id", "WordId", "DistractorId", "CreatedAt", "UpdatedAt") 
                  VALUES ('b5240848-3b4d-48a2-969c-278b3f741295', 'a9ecfe4f-4474-47c6-9242-2b347d7e3037', 'c4b8ffe5-8087-42b6-9243-d61378b4e88e', '2025-03-28T07:22:20.256640+00:00', '2025-03-28T07:22:20.256640+00:00');
INSERT INTO "WordDistractors" ("Id", "WordId", "DistractorId", "CreatedAt", "UpdatedAt") 
                  VALUES ('8fd3af1b-5401-4412-a3ad-84dfe55117d2', 'd78c9cba-de04-4214-a4ec-80a87eb83199', '3573ba2b-6257-4b93-8049-98b15a5dc4cb', '2025-03-28T07:22:20.256640+00:00', '2025-03-28T07:22:20.256640+00:00');
INSERT INTO "WordDistractors" ("Id", "WordId", "DistractorId", "CreatedAt", "UpdatedAt") 
                  VALUES ('1f8457a8-9513-49c4-9fa8-9964fcc77b3e', 'd78c9cba-de04-4214-a4ec-80a87eb83199', 'f2d1aef8-c8f1-45b4-8a90-d3370be4bf17', '2025-03-28T07:22:20.256640+00:00', '2025-03-28T07:22:20.256640+00:00');
INSERT INTO "WordDistractors" ("Id", "WordId", "DistractorId", "CreatedAt", "UpdatedAt") 
                  VALUES ('137b8656-653c-4ccd-8b50-adf6f4b4db87', 'd78c9cba-de04-4214-a4ec-80a87eb83199', 'cdee5e0f-1f75-4e0d-9812-7767015eb425', '2025-03-28T07:22:20.256640+00:00', '2025-03-28T07:22:20.256640+00:00');
INSERT INTO "WordDistractors" ("Id", "WordId", "DistractorId", "CreatedAt", "UpdatedAt") 
                  VALUES ('ff6075c6-0f7c-4024-a587-be6c69d12428', 'd2ed90f2-9852-4156-b784-5edf1cd2a1b0', 'eee187eb-c2e2-41f4-81c7-2b2e83cb6921', '2025-03-28T07:22:20.256640+00:00', '2025-03-28T07:22:20.256640+00:00');
INSERT INTO "WordDistractors" ("Id", "WordId", "DistractorId", "CreatedAt", "UpdatedAt") 
                  VALUES ('ba3e86f0-766b-404b-8b40-090c91ee1761', 'd2ed90f2-9852-4156-b784-5edf1cd2a1b0', 'e4aa9065-8d67-4ebb-b69a-03a52f272865', '2025-03-28T07:22:20.256640+00:00', '2025-03-28T07:22:20.256640+00:00');
INSERT INTO "WordDistractors" ("Id", "WordId", "DistractorId", "CreatedAt", "UpdatedAt") 
                  VALUES ('8248277a-6fea-492a-b3a9-37fd78fe364b', 'd2ed90f2-9852-4156-b784-5edf1cd2a1b0', '52554040-ea57-4def-834e-a7484f50a9bf', '2025-03-28T07:22:20.256640+00:00', '2025-03-28T07:22:20.256640+00:00');
INSERT INTO "WordDistractors" ("Id", "WordId", "DistractorId", "CreatedAt", "UpdatedAt") 
                  VALUES ('2000608e-0f10-485a-93e9-297e63cf9ead', '306bbe1e-40b5-4174-bf1b-85f11600e08b', 'c6172ebb-77ed-440f-921b-596ea21dfc0b', '2025-03-28T07:22:20.256640+00:00', '2025-03-28T07:22:20.256640+00:00');
INSERT INTO "WordDistractors" ("Id", "WordId", "DistractorId", "CreatedAt", "UpdatedAt") 
                  VALUES ('ab0b9e2a-16a3-4b84-83ca-256775d7d2bc', '306bbe1e-40b5-4174-bf1b-85f11600e08b', 'f2d1aef8-c8f1-45b4-8a90-d3370be4bf17', '2025-03-28T07:22:20.256640+00:00', '2025-03-28T07:22:20.256640+00:00');
INSERT INTO "WordDistractors" ("Id", "WordId", "DistractorId", "CreatedAt", "UpdatedAt") 
                  VALUES ('bf7c81ed-f3e5-4701-be75-c2492cb3557b', '306bbe1e-40b5-4174-bf1b-85f11600e08b', '54aeb9b6-7a53-4221-a7a1-8783c17a1479', '2025-03-28T07:22:20.256640+00:00', '2025-03-28T07:22:20.256640+00:00');
INSERT INTO "WordDistractors" ("Id", "WordId", "DistractorId", "CreatedAt", "UpdatedAt") 
                  VALUES ('04b1d6c3-c527-4c20-a36c-4e11e481d773', '7df07a86-4648-456a-8dd0-b68c7d1cdd09', 'e4aa9065-8d67-4ebb-b69a-03a52f272865', '2025-03-28T07:22:20.256640+00:00', '2025-03-28T07:22:20.256640+00:00');
INSERT INTO "WordDistractors" ("Id", "WordId", "DistractorId", "CreatedAt", "UpdatedAt") 
                  VALUES ('4e6ffde2-cf5a-4781-90df-1d20bbc02bb5', '7df07a86-4648-456a-8dd0-b68c7d1cdd09', 'd2ed90f2-9852-4156-b784-5edf1cd2a1b0', '2025-03-28T07:22:20.256640+00:00', '2025-03-28T07:22:20.256640+00:00');
INSERT INTO "WordDistractors" ("Id", "WordId", "DistractorId", "CreatedAt", "UpdatedAt") 
                  VALUES ('fb322ec3-c1fc-4a04-8988-6bac7e24374e', '7df07a86-4648-456a-8dd0-b68c7d1cdd09', 'e7bb897e-c2d7-4b28-9376-2a48c405e05e', '2025-03-28T07:22:20.256640+00:00', '2025-03-28T07:22:20.256640+00:00');
INSERT INTO "WordDistractors" ("Id", "WordId", "DistractorId", "CreatedAt", "UpdatedAt") 
                  VALUES ('be97765b-bd2e-492f-820e-016213a7e18e', 'c4b8ffe5-8087-42b6-9243-d61378b4e88e', '52554040-ea57-4def-834e-a7484f50a9bf', '2025-03-28T07:22:20.256640+00:00', '2025-03-28T07:22:20.256640+00:00');
INSERT INTO "WordDistractors" ("Id", "WordId", "DistractorId", "CreatedAt", "UpdatedAt") 
                  VALUES ('8e2f7a6d-6ccd-47c5-9399-b3e8914ba60d', 'c4b8ffe5-8087-42b6-9243-d61378b4e88e', '63eb6c77-4a43-4caf-b94d-7eebae2b3caf', '2025-03-28T07:22:20.256640+00:00', '2025-03-28T07:22:20.256640+00:00');
INSERT INTO "WordDistractors" ("Id", "WordId", "DistractorId", "CreatedAt", "UpdatedAt") 
                  VALUES ('b84944f3-493b-4887-b2e8-cbaf0b585d06', 'c4b8ffe5-8087-42b6-9243-d61378b4e88e', '7df07a86-4648-456a-8dd0-b68c7d1cdd09', '2025-03-28T07:22:20.256640+00:00', '2025-03-28T07:22:20.256640+00:00');
INSERT INTO "WordDistractors" ("Id", "WordId", "DistractorId", "CreatedAt", "UpdatedAt") 
                  VALUES ('08cc4da4-b55d-4780-a034-7c7d6bf7bb2f', '9c036bad-8404-445a-99cc-d1ff45f2bb01', 'd78c9cba-de04-4214-a4ec-80a87eb83199', '2025-03-28T07:22:20.256640+00:00', '2025-03-28T07:22:20.256640+00:00');
INSERT INTO "WordDistractors" ("Id", "WordId", "DistractorId", "CreatedAt", "UpdatedAt") 
                  VALUES ('d71cb3f8-9b30-497c-a44f-95d35cd9e5c6', '9c036bad-8404-445a-99cc-d1ff45f2bb01', '3573ba2b-6257-4b93-8049-98b15a5dc4cb', '2025-03-28T07:22:20.256640+00:00', '2025-03-28T07:22:20.256640+00:00');
INSERT INTO "WordDistractors" ("Id", "WordId", "DistractorId", "CreatedAt", "UpdatedAt") 
                  VALUES ('9fbee1e9-abc8-4fe3-8e27-2716c7bec06a', '9c036bad-8404-445a-99cc-d1ff45f2bb01', '529e9424-ff6b-4c68-9e37-01502433c750', '2025-03-28T07:22:20.256640+00:00', '2025-03-28T07:22:20.256640+00:00');
INSERT INTO "WordDistractors" ("Id", "WordId", "DistractorId", "CreatedAt", "UpdatedAt") 
                  VALUES ('d0b67b9e-0713-4f36-b48f-206146631a40', 'f1b39cf8-c534-4d8b-960a-bbf972988765', 'f2d1aef8-c8f1-45b4-8a90-d3370be4bf17', '2025-03-28T07:22:20.256640+00:00', '2025-03-28T07:22:20.256640+00:00');
INSERT INTO "WordDistractors" ("Id", "WordId", "DistractorId", "CreatedAt", "UpdatedAt") 
                  VALUES ('53177c5d-5782-4b6c-8126-d92c69486700', 'f1b39cf8-c534-4d8b-960a-bbf972988765', '63eb6c77-4a43-4caf-b94d-7eebae2b3caf', '2025-03-28T07:22:20.256640+00:00', '2025-03-28T07:22:20.256640+00:00');
INSERT INTO "WordDistractors" ("Id", "WordId", "DistractorId", "CreatedAt", "UpdatedAt") 
                  VALUES ('260593d0-d9ae-4bc8-9b49-c8fe644c2984', 'f1b39cf8-c534-4d8b-960a-bbf972988765', '7df07a86-4648-456a-8dd0-b68c7d1cdd09', '2025-03-28T07:22:20.256640+00:00', '2025-03-28T07:22:20.256640+00:00');
INSERT INTO "WordDistractors" ("Id", "WordId", "DistractorId", "CreatedAt", "UpdatedAt") 
                  VALUES ('34e9aec4-cf4e-45a5-80b7-da07af8dc8c5', '661b94be-22e7-44e3-89f7-7ceefe5148f9', '54aeb9b6-7a53-4221-a7a1-8783c17a1479', '2025-03-28T07:22:20.256640+00:00', '2025-03-28T07:22:20.256640+00:00');
INSERT INTO "WordDistractors" ("Id", "WordId", "DistractorId", "CreatedAt", "UpdatedAt") 
                  VALUES ('66a1b884-7123-4a40-baed-27c5020591ab', '661b94be-22e7-44e3-89f7-7ceefe5148f9', '3573ba2b-6257-4b93-8049-98b15a5dc4cb', '2025-03-28T07:22:20.256640+00:00', '2025-03-28T07:22:20.256640+00:00');
INSERT INTO "WordDistractors" ("Id", "WordId", "DistractorId", "CreatedAt", "UpdatedAt") 
                  VALUES ('545e678a-53ec-416c-96ad-a8b429586128', '661b94be-22e7-44e3-89f7-7ceefe5148f9', '7df07a86-4648-456a-8dd0-b68c7d1cdd09', '2025-03-28T07:22:20.256640+00:00', '2025-03-28T07:22:20.256640+00:00');
INSERT INTO "WordDistractors" ("Id", "WordId", "DistractorId", "CreatedAt", "UpdatedAt") 
                  VALUES ('28315ee9-ec5d-44e9-b60f-ea3c2575efbb', '42a500c3-302c-4705-85bb-b9f2002c3a5a', 'b43f7276-9ed9-46a8-a0a2-e00013eb310c', '2025-03-28T07:22:20.256640+00:00', '2025-03-28T07:22:20.256640+00:00');
INSERT INTO "WordDistractors" ("Id", "WordId", "DistractorId", "CreatedAt", "UpdatedAt") 
                  VALUES ('aee5862e-5169-47e2-989f-d5e47ad5c7ee', '42a500c3-302c-4705-85bb-b9f2002c3a5a', 'e4aa9065-8d67-4ebb-b69a-03a52f272865', '2025-03-28T07:22:20.256640+00:00', '2025-03-28T07:22:20.256640+00:00');
INSERT INTO "WordDistractors" ("Id", "WordId", "DistractorId", "CreatedAt", "UpdatedAt") 
                  VALUES ('0e7f4096-08c2-4aab-9df7-1c27709c8eea', '42a500c3-302c-4705-85bb-b9f2002c3a5a', 'c29796d0-cffb-4e47-8ce8-bba7603203c6', '2025-03-28T07:22:20.256640+00:00', '2025-03-28T07:22:20.256640+00:00');
INSERT INTO "WordDistractors" ("Id", "WordId", "DistractorId", "CreatedAt", "UpdatedAt") 
                  VALUES ('fa6b0c8d-162e-40a5-8b65-01392199bfdf', '37dc5bf7-4961-4933-9a68-19867c65c9c8', '9b54bb51-0240-4100-b3f6-374b00b2aaeb', '2025-03-28T07:22:20.256640+00:00', '2025-03-28T07:22:20.256640+00:00');
INSERT INTO "WordDistractors" ("Id", "WordId", "DistractorId", "CreatedAt", "UpdatedAt") 
                  VALUES ('4e8fc7ea-c34d-45d9-afba-fcc2d3af63a7', '37dc5bf7-4961-4933-9a68-19867c65c9c8', '9c036bad-8404-445a-99cc-d1ff45f2bb01', '2025-03-28T07:22:20.256640+00:00', '2025-03-28T07:22:20.256640+00:00');
INSERT INTO "WordDistractors" ("Id", "WordId", "DistractorId", "CreatedAt", "UpdatedAt") 
                  VALUES ('6ca63451-cfa6-46b9-8244-36454005e511', '37dc5bf7-4961-4933-9a68-19867c65c9c8', 'e4aa9065-8d67-4ebb-b69a-03a52f272865', '2025-03-28T07:22:20.256640+00:00', '2025-03-28T07:22:20.256640+00:00');
INSERT INTO "WordDistractors" ("Id", "WordId", "DistractorId", "CreatedAt", "UpdatedAt") 
                  VALUES ('c2afb68f-9ed2-4420-85f8-81e2530b677b', '54aeb9b6-7a53-4221-a7a1-8783c17a1479', '0cc03768-8cc4-4576-8234-8293f716f81a', '2025-03-28T07:22:20.256640+00:00', '2025-03-28T07:22:20.256640+00:00');
INSERT INTO "WordDistractors" ("Id", "WordId", "DistractorId", "CreatedAt", "UpdatedAt") 
                  VALUES ('634499c7-bafe-4353-8f31-f8fca15d9fed', '54aeb9b6-7a53-4221-a7a1-8783c17a1479', '509e3059-b381-4171-935d-ae6e1078db1f', '2025-03-28T07:22:20.256640+00:00', '2025-03-28T07:22:20.256640+00:00');
INSERT INTO "WordDistractors" ("Id", "WordId", "DistractorId", "CreatedAt", "UpdatedAt") 
                  VALUES ('dd70017f-bed8-485c-a05a-33c42a95cddf', '54aeb9b6-7a53-4221-a7a1-8783c17a1479', 'd2354f17-a23e-48ed-a8de-e540ebdaa6de', '2025-03-28T07:22:20.256640+00:00', '2025-03-28T07:22:20.256640+00:00');
INSERT INTO "WordDistractors" ("Id", "WordId", "DistractorId", "CreatedAt", "UpdatedAt") 
                  VALUES ('02b8021f-cbdc-4a18-a2a6-726a80477302', 'be56268b-f3ee-48d1-a529-590c7e574827', 'd2354f17-a23e-48ed-a8de-e540ebdaa6de', '2025-03-28T07:22:20.256640+00:00', '2025-03-28T07:22:20.256640+00:00');
INSERT INTO "WordDistractors" ("Id", "WordId", "DistractorId", "CreatedAt", "UpdatedAt") 
                  VALUES ('3660e530-da3b-46f7-9ec6-95923d4255c2', 'be56268b-f3ee-48d1-a529-590c7e574827', '509e3059-b381-4171-935d-ae6e1078db1f', '2025-03-28T07:22:20.256640+00:00', '2025-03-28T07:22:20.256640+00:00');
INSERT INTO "WordDistractors" ("Id", "WordId", "DistractorId", "CreatedAt", "UpdatedAt") 
                  VALUES ('4d2cf75f-8e52-4175-9443-902987a93c10', 'be56268b-f3ee-48d1-a529-590c7e574827', '71ee6c45-b096-4a8c-9a5c-d083d27a2400', '2025-03-28T07:22:20.256640+00:00', '2025-03-28T07:22:20.256640+00:00');
INSERT INTO "WordDistractors" ("Id", "WordId", "DistractorId", "CreatedAt", "UpdatedAt") 
                  VALUES ('c7899758-5ca5-4ed4-aac1-1eccdfaddb36', 'f8dd0e07-b6e0-4be3-81fa-9405bdb7fca2', '9c036bad-8404-445a-99cc-d1ff45f2bb01', '2025-03-28T07:22:20.256640+00:00', '2025-03-28T07:22:20.256640+00:00');
INSERT INTO "WordDistractors" ("Id", "WordId", "DistractorId", "CreatedAt", "UpdatedAt") 
                  VALUES ('206fb02a-630c-44f0-8d81-e8445edd20c3', 'f8dd0e07-b6e0-4be3-81fa-9405bdb7fca2', '424c3f8d-9f74-4abc-bf06-c2037c4505d9', '2025-03-28T07:22:20.256640+00:00', '2025-03-28T07:22:20.256640+00:00');
INSERT INTO "WordDistractors" ("Id", "WordId", "DistractorId", "CreatedAt", "UpdatedAt") 
                  VALUES ('860e5a6c-40ec-4abd-84cc-5b8ec3a878cc', 'f8dd0e07-b6e0-4be3-81fa-9405bdb7fca2', 'e7bb897e-c2d7-4b28-9376-2a48c405e05e', '2025-03-28T07:22:20.256640+00:00', '2025-03-28T07:22:20.256640+00:00');
INSERT INTO "WordDistractors" ("Id", "WordId", "DistractorId", "CreatedAt", "UpdatedAt") 
                  VALUES ('1114a091-1d06-44b7-a548-f949f2286f91', '7d7c62cd-5362-4cb8-9c59-c603dc24ebfe', 'd78c9cba-de04-4214-a4ec-80a87eb83199', '2025-03-28T07:22:20.256640+00:00', '2025-03-28T07:22:20.256640+00:00');
INSERT INTO "WordDistractors" ("Id", "WordId", "DistractorId", "CreatedAt", "UpdatedAt") 
                  VALUES ('291af67e-e4b1-4f8f-bf96-8a704f877c79', '7d7c62cd-5362-4cb8-9c59-c603dc24ebfe', '092cb042-bb52-47ca-80ec-bd2172d9e14e', '2025-03-28T07:22:20.256640+00:00', '2025-03-28T07:22:20.256640+00:00');
INSERT INTO "WordDistractors" ("Id", "WordId", "DistractorId", "CreatedAt", "UpdatedAt") 
                  VALUES ('aa9c316f-2d83-411d-8d02-67678328ec42', '7d7c62cd-5362-4cb8-9c59-c603dc24ebfe', '6ba77efa-5fc0-4674-aac8-e29a6db18e2c', '2025-03-28T07:22:20.256640+00:00', '2025-03-28T07:22:20.256640+00:00');
INSERT INTO "WordDistractors" ("Id", "WordId", "DistractorId", "CreatedAt", "UpdatedAt") 
                  VALUES ('778172c5-2f5d-45a3-af12-ea51bace5337', '4705f5e7-b8d1-487e-b516-c6caacb16bad', '424c3f8d-9f74-4abc-bf06-c2037c4505d9', '2025-03-28T07:22:20.256640+00:00', '2025-03-28T07:22:20.256640+00:00');
INSERT INTO "WordDistractors" ("Id", "WordId", "DistractorId", "CreatedAt", "UpdatedAt") 
                  VALUES ('b318b819-ef72-4f75-81e4-4191d7fac7b1', '4705f5e7-b8d1-487e-b516-c6caacb16bad', '9b54bb51-0240-4100-b3f6-374b00b2aaeb', '2025-03-28T07:22:20.256640+00:00', '2025-03-28T07:22:20.256640+00:00');
INSERT INTO "WordDistractors" ("Id", "WordId", "DistractorId", "CreatedAt", "UpdatedAt") 
                  VALUES ('dcc47279-88ea-4efc-b473-47c9da9790c1', '4705f5e7-b8d1-487e-b516-c6caacb16bad', '529e9424-ff6b-4c68-9e37-01502433c750', '2025-03-28T07:22:20.256640+00:00', '2025-03-28T07:22:20.256640+00:00');
INSERT INTO "WordDistractors" ("Id", "WordId", "DistractorId", "CreatedAt", "UpdatedAt") 
                  VALUES ('19d94742-d321-4441-bdfe-bead49e2990a', 'c29796d0-cffb-4e47-8ce8-bba7603203c6', 'c6172ebb-77ed-440f-921b-596ea21dfc0b', '2025-03-28T07:22:20.256640+00:00', '2025-03-28T07:22:20.256640+00:00');
INSERT INTO "WordDistractors" ("Id", "WordId", "DistractorId", "CreatedAt", "UpdatedAt") 
                  VALUES ('80a17387-c4d6-450f-90b9-cce90bbcadd9', 'c29796d0-cffb-4e47-8ce8-bba7603203c6', '509e3059-b381-4171-935d-ae6e1078db1f', '2025-03-28T07:22:20.256640+00:00', '2025-03-28T07:22:20.256640+00:00');
INSERT INTO "WordDistractors" ("Id", "WordId", "DistractorId", "CreatedAt", "UpdatedAt") 
                  VALUES ('c73094af-af50-4b64-99bb-bfd3ef1647e9', 'c29796d0-cffb-4e47-8ce8-bba7603203c6', '54aeb9b6-7a53-4221-a7a1-8783c17a1479', '2025-03-28T07:22:20.256640+00:00', '2025-03-28T07:22:20.256640+00:00');
INSERT INTO "WordDistractors" ("Id", "WordId", "DistractorId", "CreatedAt", "UpdatedAt") 
                  VALUES ('64832245-5b99-442e-b57a-60d9196dfd93', '529e9424-ff6b-4c68-9e37-01502433c750', 'cdee5e0f-1f75-4e0d-9812-7767015eb425', '2025-03-28T07:22:20.256640+00:00', '2025-03-28T07:22:20.256640+00:00');
INSERT INTO "WordDistractors" ("Id", "WordId", "DistractorId", "CreatedAt", "UpdatedAt") 
                  VALUES ('df73813a-63df-41db-99eb-bdc9351d79c4', '529e9424-ff6b-4c68-9e37-01502433c750', 'be56268b-f3ee-48d1-a529-590c7e574827', '2025-03-28T07:22:20.256640+00:00', '2025-03-28T07:22:20.256640+00:00');
INSERT INTO "WordDistractors" ("Id", "WordId", "DistractorId", "CreatedAt", "UpdatedAt") 
                  VALUES ('2f24e40e-9eaa-4149-b0b0-3fa78d1d0f16', '529e9424-ff6b-4c68-9e37-01502433c750', '0cc03768-8cc4-4576-8234-8293f716f81a', '2025-03-28T07:22:20.256640+00:00', '2025-03-28T07:22:20.256640+00:00');
INSERT INTO "WordDistractors" ("Id", "WordId", "DistractorId", "CreatedAt", "UpdatedAt") 
                  VALUES ('ea7b3516-4429-4c5b-977c-e483d972ac31', 'e7bb897e-c2d7-4b28-9376-2a48c405e05e', 'eb3424f4-2334-4552-b095-7fd507ac384c', '2025-03-28T07:22:20.256640+00:00', '2025-03-28T07:22:20.256640+00:00');
INSERT INTO "WordDistractors" ("Id", "WordId", "DistractorId", "CreatedAt", "UpdatedAt") 
                  VALUES ('4d44e5cb-5bbf-424b-93e3-d3c8fa170fe0', 'e7bb897e-c2d7-4b28-9376-2a48c405e05e', 'f2d1aef8-c8f1-45b4-8a90-d3370be4bf17', '2025-03-28T07:22:20.256640+00:00', '2025-03-28T07:22:20.256640+00:00');
INSERT INTO "WordDistractors" ("Id", "WordId", "DistractorId", "CreatedAt", "UpdatedAt") 
                  VALUES ('5ebfe4ae-3b09-4153-bb08-2dcb355eadfb', 'e7bb897e-c2d7-4b28-9376-2a48c405e05e', '3573ba2b-6257-4b93-8049-98b15a5dc4cb', '2025-03-28T07:22:20.256640+00:00', '2025-03-28T07:22:20.256640+00:00');
INSERT INTO "WordDistractors" ("Id", "WordId", "DistractorId", "CreatedAt", "UpdatedAt") 
                  VALUES ('fda01005-ed00-4090-8ebb-4baed7e7dd4c', '71ee6c45-b096-4a8c-9a5c-d083d27a2400', 'c6172ebb-77ed-440f-921b-596ea21dfc0b', '2025-03-28T07:22:20.256640+00:00', '2025-03-28T07:22:20.256640+00:00');
INSERT INTO "WordDistractors" ("Id", "WordId", "DistractorId", "CreatedAt", "UpdatedAt") 
                  VALUES ('58fa8952-3c3d-4b68-91c1-a4752f7ea96e', '71ee6c45-b096-4a8c-9a5c-d083d27a2400', '0cc03768-8cc4-4576-8234-8293f716f81a', '2025-03-28T07:22:20.256640+00:00', '2025-03-28T07:22:20.256640+00:00');
INSERT INTO "WordDistractors" ("Id", "WordId", "DistractorId", "CreatedAt", "UpdatedAt") 
                  VALUES ('7d0bde31-a417-45dd-9e65-d1635f1f43f9', '71ee6c45-b096-4a8c-9a5c-d083d27a2400', '529e9424-ff6b-4c68-9e37-01502433c750', '2025-03-28T07:22:20.256640+00:00', '2025-03-28T07:22:20.256640+00:00');
INSERT INTO "WordDistractors" ("Id", "WordId", "DistractorId", "CreatedAt", "UpdatedAt") 
                  VALUES ('16532a32-25a7-4b62-9826-4f9ac76fd81c', '179bd92a-5c10-4d7e-99ef-4e6f79c68da0', 'e4aa9065-8d67-4ebb-b69a-03a52f272865', '2025-03-28T07:22:20.256640+00:00', '2025-03-28T07:22:20.256640+00:00');
INSERT INTO "WordDistractors" ("Id", "WordId", "DistractorId", "CreatedAt", "UpdatedAt") 
                  VALUES ('b58bb0c9-ec67-412a-b89a-ff492ef1d739', '179bd92a-5c10-4d7e-99ef-4e6f79c68da0', 'c4b8ffe5-8087-42b6-9243-d61378b4e88e', '2025-03-28T07:22:20.256640+00:00', '2025-03-28T07:22:20.256640+00:00');
INSERT INTO "WordDistractors" ("Id", "WordId", "DistractorId", "CreatedAt", "UpdatedAt") 
                  VALUES ('a5d21729-c9ee-4398-9668-b30608b5f615', '179bd92a-5c10-4d7e-99ef-4e6f79c68da0', '929e7031-26d4-4bec-9f11-429494e5a507', '2025-03-28T07:22:20.256640+00:00', '2025-03-28T07:22:20.256640+00:00');
INSERT INTO "WordDistractors" ("Id", "WordId", "DistractorId", "CreatedAt", "UpdatedAt") 
                  VALUES ('476ee123-0d16-431b-8124-b862dcb64fbb', '63eb6c77-4a43-4caf-b94d-7eebae2b3caf', '6ba77efa-5fc0-4674-aac8-e29a6db18e2c', '2025-03-28T07:22:20.256640+00:00', '2025-03-28T07:22:20.256640+00:00');
INSERT INTO "WordDistractors" ("Id", "WordId", "DistractorId", "CreatedAt", "UpdatedAt") 
                  VALUES ('69396f64-8f6b-44d0-87df-52dc545bbdeb', '63eb6c77-4a43-4caf-b94d-7eebae2b3caf', '3573ba2b-6257-4b93-8049-98b15a5dc4cb', '2025-03-28T07:22:20.256640+00:00', '2025-03-28T07:22:20.256640+00:00');
INSERT INTO "WordDistractors" ("Id", "WordId", "DistractorId", "CreatedAt", "UpdatedAt") 
                  VALUES ('914b0ea0-8441-47e0-976b-99caf03bf1c4', '63eb6c77-4a43-4caf-b94d-7eebae2b3caf', '32359b2b-9d28-42e2-9489-d07d16c902d5', '2025-03-28T07:22:20.256640+00:00', '2025-03-28T07:22:20.256640+00:00');
INSERT INTO "WordDistractors" ("Id", "WordId", "DistractorId", "CreatedAt", "UpdatedAt") 
                  VALUES ('b0a244e3-fc27-4cfa-b967-cb222c03282d', '6ba77efa-5fc0-4674-aac8-e29a6db18e2c', 'c29796d0-cffb-4e47-8ce8-bba7603203c6', '2025-03-28T07:22:20.256640+00:00', '2025-03-28T07:22:20.256640+00:00');
INSERT INTO "WordDistractors" ("Id", "WordId", "DistractorId", "CreatedAt", "UpdatedAt") 
                  VALUES ('fb345bf1-2824-4729-8af1-22dd1a3c3f42', '6ba77efa-5fc0-4674-aac8-e29a6db18e2c', '263ec750-32d4-48b0-93d7-f0f8e67eb877', '2025-03-28T07:22:20.256640+00:00', '2025-03-28T07:22:20.256640+00:00');
INSERT INTO "WordDistractors" ("Id", "WordId", "DistractorId", "CreatedAt", "UpdatedAt") 
                  VALUES ('06194d6f-2169-4170-a43a-b7dd0c37b939', '6ba77efa-5fc0-4674-aac8-e29a6db18e2c', 'e133eed6-4b8d-4b00-81cf-e7886d16fab7', '2025-03-28T07:22:20.256640+00:00', '2025-03-28T07:22:20.256640+00:00');
INSERT INTO "WordDistractors" ("Id", "WordId", "DistractorId", "CreatedAt", "UpdatedAt") 
                  VALUES ('2991da6e-9ecd-4192-b019-00771f5fe6a0', '52554040-ea57-4def-834e-a7484f50a9bf', 'e7bb897e-c2d7-4b28-9376-2a48c405e05e', '2025-03-28T07:22:20.256640+00:00', '2025-03-28T07:22:20.256640+00:00');
INSERT INTO "WordDistractors" ("Id", "WordId", "DistractorId", "CreatedAt", "UpdatedAt") 
                  VALUES ('52be188a-4866-4bb7-9156-73cd5eb30317', '52554040-ea57-4def-834e-a7484f50a9bf', 'e5d510f2-865b-496a-9c58-f7b44f63a157', '2025-03-28T07:22:20.256640+00:00', '2025-03-28T07:22:20.256640+00:00');
INSERT INTO "WordDistractors" ("Id", "WordId", "DistractorId", "CreatedAt", "UpdatedAt") 
                  VALUES ('7030354c-fc30-48d3-88fc-f2378eea223a', '52554040-ea57-4def-834e-a7484f50a9bf', 'c29796d0-cffb-4e47-8ce8-bba7603203c6', '2025-03-28T07:22:20.256640+00:00', '2025-03-28T07:22:20.256640+00:00');
INSERT INTO "WordDistractors" ("Id", "WordId", "DistractorId", "CreatedAt", "UpdatedAt") 
                  VALUES ('77171b11-a534-42ba-921b-ede959045cb6', 'b43f7276-9ed9-46a8-a0a2-e00013eb310c', '71ee6c45-b096-4a8c-9a5c-d083d27a2400', '2025-03-28T07:22:20.256640+00:00', '2025-03-28T07:22:20.256640+00:00');
INSERT INTO "WordDistractors" ("Id", "WordId", "DistractorId", "CreatedAt", "UpdatedAt") 
                  VALUES ('aab12f31-46fa-4219-a449-0576d95ace00', 'b43f7276-9ed9-46a8-a0a2-e00013eb310c', '326c2e95-4a5e-4425-a74d-316695fab329', '2025-03-28T07:22:20.256640+00:00', '2025-03-28T07:22:20.256640+00:00');
INSERT INTO "WordDistractors" ("Id", "WordId", "DistractorId", "CreatedAt", "UpdatedAt") 
                  VALUES ('f8459898-f36e-41e8-b22d-28351c613525', 'b43f7276-9ed9-46a8-a0a2-e00013eb310c', '0cc03768-8cc4-4576-8234-8293f716f81a', '2025-03-28T07:22:20.256640+00:00', '2025-03-28T07:22:20.256640+00:00');
INSERT INTO "WordDistractors" ("Id", "WordId", "DistractorId", "CreatedAt", "UpdatedAt") 
                  VALUES ('eb973ed3-57b3-4583-9ec8-e33c6987a651', 'd2354f17-a23e-48ed-a8de-e540ebdaa6de', 'e5d510f2-865b-496a-9c58-f7b44f63a157', '2025-03-28T07:22:20.256640+00:00', '2025-03-28T07:22:20.256640+00:00');
INSERT INTO "WordDistractors" ("Id", "WordId", "DistractorId", "CreatedAt", "UpdatedAt") 
                  VALUES ('b2bb1ca8-ffda-498a-b862-1537ae641a0f', 'd2354f17-a23e-48ed-a8de-e540ebdaa6de', '7df07a86-4648-456a-8dd0-b68c7d1cdd09', '2025-03-28T07:22:20.256640+00:00', '2025-03-28T07:22:20.256640+00:00');
INSERT INTO "WordDistractors" ("Id", "WordId", "DistractorId", "CreatedAt", "UpdatedAt") 
                  VALUES ('a3182941-b1bb-4c19-ae7b-24b6fcf84f7e', 'd2354f17-a23e-48ed-a8de-e540ebdaa6de', '37dc5bf7-4961-4933-9a68-19867c65c9c8', '2025-03-28T07:22:20.256640+00:00', '2025-03-28T07:22:20.256640+00:00');
INSERT INTO "WordDistractors" ("Id", "WordId", "DistractorId", "CreatedAt", "UpdatedAt") 
                  VALUES ('65af0c16-228f-4ec7-ac0e-6b5aec7391e8', 'f2d1aef8-c8f1-45b4-8a90-d3370be4bf17', '7ccd9764-207b-431a-837a-eb0b0b719f25', '2025-03-28T07:22:20.256640+00:00', '2025-03-28T07:22:20.256640+00:00');
INSERT INTO "WordDistractors" ("Id", "WordId", "DistractorId", "CreatedAt", "UpdatedAt") 
                  VALUES ('191fbbf0-3480-4283-a432-58fd161881e7', 'f2d1aef8-c8f1-45b4-8a90-d3370be4bf17', '9717b67f-25e1-4ae0-bda6-8ed6cbecd53e', '2025-03-28T07:22:20.256640+00:00', '2025-03-28T07:22:20.256640+00:00');
INSERT INTO "WordDistractors" ("Id", "WordId", "DistractorId", "CreatedAt", "UpdatedAt") 
                  VALUES ('ff7b3ad4-72f7-49ab-bc34-0e6bf00abe39', 'f2d1aef8-c8f1-45b4-8a90-d3370be4bf17', '37dc5bf7-4961-4933-9a68-19867c65c9c8', '2025-03-28T07:22:20.256640+00:00', '2025-03-28T07:22:20.256640+00:00');
INSERT INTO "WordDistractors" ("Id", "WordId", "DistractorId", "CreatedAt", "UpdatedAt") 
                  VALUES ('0ef58876-840f-417e-95a4-c3a36f2d9a01', '0cc03768-8cc4-4576-8234-8293f716f81a', 'e7bb897e-c2d7-4b28-9376-2a48c405e05e', '2025-03-28T07:22:20.256640+00:00', '2025-03-28T07:22:20.256640+00:00');
INSERT INTO "WordDistractors" ("Id", "WordId", "DistractorId", "CreatedAt", "UpdatedAt") 
                  VALUES ('a570a6cd-2647-4d24-b862-7a08f4d1458e', '0cc03768-8cc4-4576-8234-8293f716f81a', '306bbe1e-40b5-4174-bf1b-85f11600e08b', '2025-03-28T07:22:20.256640+00:00', '2025-03-28T07:22:20.256640+00:00');
INSERT INTO "WordDistractors" ("Id", "WordId", "DistractorId", "CreatedAt", "UpdatedAt") 
                  VALUES ('2043e191-d399-41d5-9af6-34deda2c38b0', '0cc03768-8cc4-4576-8234-8293f716f81a', 'f1b39cf8-c534-4d8b-960a-bbf972988765', '2025-03-28T07:22:20.256640+00:00', '2025-03-28T07:22:20.256640+00:00');
INSERT INTO "WordDistractors" ("Id", "WordId", "DistractorId", "CreatedAt", "UpdatedAt") 
                  VALUES ('9a2d5d02-1e35-45e2-b564-ecb4cd7c0c50', 'e133eed6-4b8d-4b00-81cf-e7886d16fab7', '63eb6c77-4a43-4caf-b94d-7eebae2b3caf', '2025-03-28T07:22:20.256640+00:00', '2025-03-28T07:22:20.256640+00:00');
INSERT INTO "WordDistractors" ("Id", "WordId", "DistractorId", "CreatedAt", "UpdatedAt") 
                  VALUES ('51195e18-70a1-418b-a602-7b25de129585', 'e133eed6-4b8d-4b00-81cf-e7886d16fab7', '7d7c62cd-5362-4cb8-9c59-c603dc24ebfe', '2025-03-28T07:22:20.256640+00:00', '2025-03-28T07:22:20.256640+00:00');
INSERT INTO "WordDistractors" ("Id", "WordId", "DistractorId", "CreatedAt", "UpdatedAt") 
                  VALUES ('a49fa73e-6c6f-4e12-b056-9c0bc4f25b37', 'e133eed6-4b8d-4b00-81cf-e7886d16fab7', '929e7031-26d4-4bec-9f11-429494e5a507', '2025-03-28T07:22:20.256640+00:00', '2025-03-28T07:22:20.256640+00:00');
INSERT INTO "WordDistractors" ("Id", "WordId", "DistractorId", "CreatedAt", "UpdatedAt") 
                  VALUES ('7f877b81-11ae-4946-aeae-b5a21e86d07d', '3513c675-290c-4319-a265-d170bf08bfe8', 'd2ed90f2-9852-4156-b784-5edf1cd2a1b0', '2025-03-28T07:22:20.256640+00:00', '2025-03-28T07:22:20.256640+00:00');
INSERT INTO "WordDistractors" ("Id", "WordId", "DistractorId", "CreatedAt", "UpdatedAt") 
                  VALUES ('c465fc4b-eba7-4869-ae0b-990fedb73fa6', '3513c675-290c-4319-a265-d170bf08bfe8', 'e133eed6-4b8d-4b00-81cf-e7886d16fab7', '2025-03-28T07:22:20.256640+00:00', '2025-03-28T07:22:20.256640+00:00');
INSERT INTO "WordDistractors" ("Id", "WordId", "DistractorId", "CreatedAt", "UpdatedAt") 
                  VALUES ('025f7582-3f79-4321-b419-3f5a0b6799db', '3513c675-290c-4319-a265-d170bf08bfe8', '7d7c62cd-5362-4cb8-9c59-c603dc24ebfe', '2025-03-28T07:22:20.256640+00:00', '2025-03-28T07:22:20.256640+00:00');
INSERT INTO "WordDistractors" ("Id", "WordId", "DistractorId", "CreatedAt", "UpdatedAt") 
                  VALUES ('0faf7476-3536-42c0-b151-33d5eeb9a3b6', '46f212e8-a021-42b0-a950-fc2de66f9d12', '306bbe1e-40b5-4174-bf1b-85f11600e08b', '2025-03-28T07:22:20.256640+00:00', '2025-03-28T07:22:20.256640+00:00');
INSERT INTO "WordDistractors" ("Id", "WordId", "DistractorId", "CreatedAt", "UpdatedAt") 
                  VALUES ('6a8c1c96-8a1a-40bc-80d0-8d6adb952080', '46f212e8-a021-42b0-a950-fc2de66f9d12', 'eb3424f4-2334-4552-b095-7fd507ac384c', '2025-03-28T07:22:20.256640+00:00', '2025-03-28T07:22:20.256640+00:00');
INSERT INTO "WordDistractors" ("Id", "WordId", "DistractorId", "CreatedAt", "UpdatedAt") 
                  VALUES ('9015d905-6eb9-4b65-918e-a410ce230485', '46f212e8-a021-42b0-a950-fc2de66f9d12', 'd78c9cba-de04-4214-a4ec-80a87eb83199', '2025-03-28T07:22:20.256640+00:00', '2025-03-28T07:22:20.256640+00:00');
INSERT INTO "WordDistractors" ("Id", "WordId", "DistractorId", "CreatedAt", "UpdatedAt") 
                  VALUES ('5ae675ae-eb4d-450c-bc76-4cafcad94462', '7ccd9764-207b-431a-837a-eb0b0b719f25', 'c29796d0-cffb-4e47-8ce8-bba7603203c6', '2025-03-28T07:22:20.256640+00:00', '2025-03-28T07:22:20.256640+00:00');
INSERT INTO "WordDistractors" ("Id", "WordId", "DistractorId", "CreatedAt", "UpdatedAt") 
                  VALUES ('fbd97295-61ba-42aa-9b6b-e738926322ea', '7ccd9764-207b-431a-837a-eb0b0b719f25', 'c6172ebb-77ed-440f-921b-596ea21dfc0b', '2025-03-28T07:22:20.256640+00:00', '2025-03-28T07:22:20.256640+00:00');
INSERT INTO "WordDistractors" ("Id", "WordId", "DistractorId", "CreatedAt", "UpdatedAt") 
                  VALUES ('adb770a2-03cd-4c0f-bd3b-edab8fb83eb2', '7ccd9764-207b-431a-837a-eb0b0b719f25', 'b43f7276-9ed9-46a8-a0a2-e00013eb310c', '2025-03-28T07:22:20.256640+00:00', '2025-03-28T07:22:20.256640+00:00');
INSERT INTO "WordDistractors" ("Id", "WordId", "DistractorId", "CreatedAt", "UpdatedAt") 
                  VALUES ('d517f077-1572-4bb5-8641-d50f55df140d', 'f72fd1c0-cf52-4987-b558-c395f7002905', '0cc03768-8cc4-4576-8234-8293f716f81a', '2025-03-28T07:22:20.256640+00:00', '2025-03-28T07:22:20.256640+00:00');
INSERT INTO "WordDistractors" ("Id", "WordId", "DistractorId", "CreatedAt", "UpdatedAt") 
                  VALUES ('1974bb26-dd68-40a0-8743-13cafd04e033', 'f72fd1c0-cf52-4987-b558-c395f7002905', '32359b2b-9d28-42e2-9489-d07d16c902d5', '2025-03-28T07:22:20.256640+00:00', '2025-03-28T07:22:20.256640+00:00');
INSERT INTO "WordDistractors" ("Id", "WordId", "DistractorId", "CreatedAt", "UpdatedAt") 
                  VALUES ('022c4dd6-1aac-4b36-8cc8-46baa3628c45', 'f72fd1c0-cf52-4987-b558-c395f7002905', 'be56268b-f3ee-48d1-a529-590c7e574827', '2025-03-28T07:22:20.256640+00:00', '2025-03-28T07:22:20.256640+00:00');
INSERT INTO "WordDistractors" ("Id", "WordId", "DistractorId", "CreatedAt", "UpdatedAt") 
                  VALUES ('9aea02e0-698e-4a0f-b847-3c47cebbd9c4', '929e7031-26d4-4bec-9f11-429494e5a507', 'e133eed6-4b8d-4b00-81cf-e7886d16fab7', '2025-03-28T07:22:20.256640+00:00', '2025-03-28T07:22:20.256640+00:00');
INSERT INTO "WordDistractors" ("Id", "WordId", "DistractorId", "CreatedAt", "UpdatedAt") 
                  VALUES ('22564459-930c-442a-8647-cc0c2df36497', '929e7031-26d4-4bec-9f11-429494e5a507', '3573ba2b-6257-4b93-8049-98b15a5dc4cb', '2025-03-28T07:22:20.256640+00:00', '2025-03-28T07:22:20.256640+00:00');
INSERT INTO "WordDistractors" ("Id", "WordId", "DistractorId", "CreatedAt", "UpdatedAt") 
                  VALUES ('afce3d72-f4bf-4d6a-b0a8-3c1e0b02e01d', '929e7031-26d4-4bec-9f11-429494e5a507', '3513c675-290c-4319-a265-d170bf08bfe8', '2025-03-28T07:22:20.256640+00:00', '2025-03-28T07:22:20.256640+00:00');
INSERT INTO "WordDistractors" ("Id", "WordId", "DistractorId", "CreatedAt", "UpdatedAt") 
                  VALUES ('1c3b72fd-6136-45e4-a160-f486271d6279', '326c2e95-4a5e-4425-a74d-316695fab329', '3513c675-290c-4319-a265-d170bf08bfe8', '2025-03-28T07:22:20.256640+00:00', '2025-03-28T07:22:20.256640+00:00');
INSERT INTO "WordDistractors" ("Id", "WordId", "DistractorId", "CreatedAt", "UpdatedAt") 
                  VALUES ('492b31bd-1255-42f7-b789-e8d0b36b7a5c', '326c2e95-4a5e-4425-a74d-316695fab329', '54aeb9b6-7a53-4221-a7a1-8783c17a1479', '2025-03-28T07:22:20.256640+00:00', '2025-03-28T07:22:20.256640+00:00');
INSERT INTO "WordDistractors" ("Id", "WordId", "DistractorId", "CreatedAt", "UpdatedAt") 
                  VALUES ('ec2bb802-bae7-4d5b-acfc-36c385107d12', '326c2e95-4a5e-4425-a74d-316695fab329', 'b43f7276-9ed9-46a8-a0a2-e00013eb310c', '2025-03-28T07:22:20.256640+00:00', '2025-03-28T07:22:20.256640+00:00');
INSERT INTO "WordDistractors" ("Id", "WordId", "DistractorId", "CreatedAt", "UpdatedAt") 
                  VALUES ('879d9ace-a975-4877-86b0-c86b761fedac', 'cdee5e0f-1f75-4e0d-9812-7767015eb425', 'c6172ebb-77ed-440f-921b-596ea21dfc0b', '2025-03-28T07:22:20.256640+00:00', '2025-03-28T07:22:20.256640+00:00');
INSERT INTO "WordDistractors" ("Id", "WordId", "DistractorId", "CreatedAt", "UpdatedAt") 
                  VALUES ('38e3b1b0-a8f2-4b03-821f-029a3d258b46', 'cdee5e0f-1f75-4e0d-9812-7767015eb425', '52554040-ea57-4def-834e-a7484f50a9bf', '2025-03-28T07:22:20.256640+00:00', '2025-03-28T07:22:20.256640+00:00');
INSERT INTO "WordDistractors" ("Id", "WordId", "DistractorId", "CreatedAt", "UpdatedAt") 
                  VALUES ('97707b04-aaf4-438f-abae-35d63e44a6aa', 'cdee5e0f-1f75-4e0d-9812-7767015eb425', 'eb3424f4-2334-4552-b095-7fd507ac384c', '2025-03-28T07:22:20.256640+00:00', '2025-03-28T07:22:20.256640+00:00');
INSERT INTO "WordDistractors" ("Id", "WordId", "DistractorId", "CreatedAt", "UpdatedAt") 
                  VALUES ('ee587fe1-4de1-468e-9623-701307e5714d', 'e4aa9065-8d67-4ebb-b69a-03a52f272865', 'd78c9cba-de04-4214-a4ec-80a87eb83199', '2025-03-28T07:22:20.256640+00:00', '2025-03-28T07:22:20.256640+00:00');
INSERT INTO "WordDistractors" ("Id", "WordId", "DistractorId", "CreatedAt", "UpdatedAt") 
                  VALUES ('85a3bfbe-9b61-46be-b224-7981936e26a5', 'e4aa9065-8d67-4ebb-b69a-03a52f272865', '3573ba2b-6257-4b93-8049-98b15a5dc4cb', '2025-03-28T07:22:20.256640+00:00', '2025-03-28T07:22:20.256640+00:00');
INSERT INTO "WordDistractors" ("Id", "WordId", "DistractorId", "CreatedAt", "UpdatedAt") 
                  VALUES ('3c91e860-d342-49f8-8195-921312ace9b1', 'e4aa9065-8d67-4ebb-b69a-03a52f272865', '63eb6c77-4a43-4caf-b94d-7eebae2b3caf', '2025-03-28T07:22:20.256640+00:00', '2025-03-28T07:22:20.256640+00:00');
INSERT INTO "WordDistractors" ("Id", "WordId", "DistractorId", "CreatedAt", "UpdatedAt") 
                  VALUES ('109f6513-cc54-47d8-8a86-595f69ee6796', 'c6172ebb-77ed-440f-921b-596ea21dfc0b', 'cdee5e0f-1f75-4e0d-9812-7767015eb425', '2025-03-28T07:22:20.256640+00:00', '2025-03-28T07:22:20.256640+00:00');
INSERT INTO "WordDistractors" ("Id", "WordId", "DistractorId", "CreatedAt", "UpdatedAt") 
                  VALUES ('ab230c19-25d5-4bf3-9c6a-3d1096e7d3ff', 'c6172ebb-77ed-440f-921b-596ea21dfc0b', '7df07a86-4648-456a-8dd0-b68c7d1cdd09', '2025-03-28T07:22:20.256640+00:00', '2025-03-28T07:22:20.256640+00:00');
INSERT INTO "WordDistractors" ("Id", "WordId", "DistractorId", "CreatedAt", "UpdatedAt") 
                  VALUES ('220aa4e8-517f-42a1-ab38-0b4b39965128', 'c6172ebb-77ed-440f-921b-596ea21dfc0b', '306bbe1e-40b5-4174-bf1b-85f11600e08b', '2025-03-28T07:22:20.256640+00:00', '2025-03-28T07:22:20.256640+00:00');
INSERT INTO "WordDistractors" ("Id", "WordId", "DistractorId", "CreatedAt", "UpdatedAt") 
                  VALUES ('fdfcb9be-d27d-4719-bc38-62442e75d73b', '263ec750-32d4-48b0-93d7-f0f8e67eb877', '6ba77efa-5fc0-4674-aac8-e29a6db18e2c', '2025-03-28T07:22:20.256640+00:00', '2025-03-28T07:22:20.256640+00:00');
INSERT INTO "WordDistractors" ("Id", "WordId", "DistractorId", "CreatedAt", "UpdatedAt") 
                  VALUES ('1349bf86-ad1f-4c7c-916e-7bdeb0905fad', '263ec750-32d4-48b0-93d7-f0f8e67eb877', '37dc5bf7-4961-4933-9a68-19867c65c9c8', '2025-03-28T07:22:20.256640+00:00', '2025-03-28T07:22:20.256640+00:00');
INSERT INTO "WordDistractors" ("Id", "WordId", "DistractorId", "CreatedAt", "UpdatedAt") 
                  VALUES ('cb783c2e-73a4-4f5c-bd0c-ec8d9d6ff0e0', '263ec750-32d4-48b0-93d7-f0f8e67eb877', '4705f5e7-b8d1-487e-b516-c6caacb16bad', '2025-03-28T07:22:20.256640+00:00', '2025-03-28T07:22:20.256640+00:00');
INSERT INTO "WordDistractors" ("Id", "WordId", "DistractorId", "CreatedAt", "UpdatedAt") 
                  VALUES ('24071e7a-d512-48e2-80fa-85e4e782e246', 'eb3424f4-2334-4552-b095-7fd507ac384c', 'be56268b-f3ee-48d1-a529-590c7e574827', '2025-03-28T07:22:20.256640+00:00', '2025-03-28T07:22:20.256640+00:00');
INSERT INTO "WordDistractors" ("Id", "WordId", "DistractorId", "CreatedAt", "UpdatedAt") 
                  VALUES ('db67a76e-c1ec-4f07-8c51-54772fc0208a', 'eb3424f4-2334-4552-b095-7fd507ac384c', '263ec750-32d4-48b0-93d7-f0f8e67eb877', '2025-03-28T07:22:20.256640+00:00', '2025-03-28T07:22:20.256640+00:00');
INSERT INTO "WordDistractors" ("Id", "WordId", "DistractorId", "CreatedAt", "UpdatedAt") 
                  VALUES ('933dec57-80dd-4956-b357-deee9ba0ddde', 'eb3424f4-2334-4552-b095-7fd507ac384c', '7df07a86-4648-456a-8dd0-b68c7d1cdd09', '2025-03-28T07:22:20.256640+00:00', '2025-03-28T07:22:20.256640+00:00');
INSERT INTO "WordDistractors" ("Id", "WordId", "DistractorId", "CreatedAt", "UpdatedAt") 
                  VALUES ('03fdbcf4-b4ef-4783-a987-8ad1e86b7e0c', '092cb042-bb52-47ca-80ec-bd2172d9e14e', '71ee6c45-b096-4a8c-9a5c-d083d27a2400', '2025-03-28T07:22:20.256640+00:00', '2025-03-28T07:22:20.256640+00:00');
INSERT INTO "WordDistractors" ("Id", "WordId", "DistractorId", "CreatedAt", "UpdatedAt") 
                  VALUES ('6d59b1f1-f9ff-441b-b303-1430a1d75874', '092cb042-bb52-47ca-80ec-bd2172d9e14e', '37dc5bf7-4961-4933-9a68-19867c65c9c8', '2025-03-28T07:22:20.256640+00:00', '2025-03-28T07:22:20.256640+00:00');
INSERT INTO "WordDistractors" ("Id", "WordId", "DistractorId", "CreatedAt", "UpdatedAt") 
                  VALUES ('ade07ae5-6206-408a-8a15-9d1a144b8983', '092cb042-bb52-47ca-80ec-bd2172d9e14e', 'd78c9cba-de04-4214-a4ec-80a87eb83199', '2025-03-28T07:22:20.256640+00:00', '2025-03-28T07:22:20.256640+00:00');
INSERT INTO "WordDistractors" ("Id", "WordId", "DistractorId", "CreatedAt", "UpdatedAt") 
                  VALUES ('b2065218-3f9c-4cae-9136-7be89c70ffcc', '3573ba2b-6257-4b93-8049-98b15a5dc4cb', '4705f5e7-b8d1-487e-b516-c6caacb16bad', '2025-03-28T07:22:20.256640+00:00', '2025-03-28T07:22:20.256640+00:00');
INSERT INTO "WordDistractors" ("Id", "WordId", "DistractorId", "CreatedAt", "UpdatedAt") 
                  VALUES ('21a9840f-b1b8-42dd-a9a3-ff34b5ed8c05', '3573ba2b-6257-4b93-8049-98b15a5dc4cb', 'e4aa9065-8d67-4ebb-b69a-03a52f272865', '2025-03-28T07:22:20.256640+00:00', '2025-03-28T07:22:20.256640+00:00');
INSERT INTO "WordDistractors" ("Id", "WordId", "DistractorId", "CreatedAt", "UpdatedAt") 
                  VALUES ('47455f5a-595b-48a2-8e15-343dc4f667a7', '3573ba2b-6257-4b93-8049-98b15a5dc4cb', 'f2d1aef8-c8f1-45b4-8a90-d3370be4bf17', '2025-03-28T07:22:20.256640+00:00', '2025-03-28T07:22:20.256640+00:00');
INSERT INTO "WordDistractors" ("Id", "WordId", "DistractorId", "CreatedAt", "UpdatedAt") 
                  VALUES ('59ec3c81-86a8-4952-ba40-9d1a77c3c74f', '32359b2b-9d28-42e2-9489-d07d16c902d5', 'd78c9cba-de04-4214-a4ec-80a87eb83199', '2025-03-28T07:22:20.256640+00:00', '2025-03-28T07:22:20.256640+00:00');
INSERT INTO "WordDistractors" ("Id", "WordId", "DistractorId", "CreatedAt", "UpdatedAt") 
                  VALUES ('8a02860a-1013-47d7-9af0-ecb6efae5a17', '32359b2b-9d28-42e2-9489-d07d16c902d5', '929e7031-26d4-4bec-9f11-429494e5a507', '2025-03-28T07:22:20.256640+00:00', '2025-03-28T07:22:20.256640+00:00');
INSERT INTO "WordDistractors" ("Id", "WordId", "DistractorId", "CreatedAt", "UpdatedAt") 
                  VALUES ('9dfae179-ddc8-4611-80a7-afda997918e8', '32359b2b-9d28-42e2-9489-d07d16c902d5', 'd2354f17-a23e-48ed-a8de-e540ebdaa6de', '2025-03-28T07:22:20.256640+00:00', '2025-03-28T07:22:20.256640+00:00');
INSERT INTO "WordDistractors" ("Id", "WordId", "DistractorId", "CreatedAt", "UpdatedAt") 
                  VALUES ('5910f877-c74a-474f-9d34-25892090334a', '9717b67f-25e1-4ae0-bda6-8ed6cbecd53e', '63eb6c77-4a43-4caf-b94d-7eebae2b3caf', '2025-03-28T07:22:20.256640+00:00', '2025-03-28T07:22:20.256640+00:00');
INSERT INTO "WordDistractors" ("Id", "WordId", "DistractorId", "CreatedAt", "UpdatedAt") 
                  VALUES ('f7113338-621c-49f4-9685-de6c8824e1ea', '9717b67f-25e1-4ae0-bda6-8ed6cbecd53e', 'cdee5e0f-1f75-4e0d-9812-7767015eb425', '2025-03-28T07:22:20.256640+00:00', '2025-03-28T07:22:20.256640+00:00');
INSERT INTO "WordDistractors" ("Id", "WordId", "DistractorId", "CreatedAt", "UpdatedAt") 
                  VALUES ('7d78e9d8-7dab-4cab-a376-2d7163cd5b4c', '9717b67f-25e1-4ae0-bda6-8ed6cbecd53e', '092cb042-bb52-47ca-80ec-bd2172d9e14e', '2025-03-28T07:22:20.256640+00:00', '2025-03-28T07:22:20.256640+00:00');
INSERT INTO "WordBooks" ("Id", "WordBookName", "CreatedAt", "UpdatedAt") 
                     VALUES ('e7c0544f-2ac7-4ba5-af33-b81dbfd99745', 'Test 测试词库', '2025-03-28T07:22:20.256640+00:00', '2025-03-28T07:22:20.256640+00:00');
INSERT INTO "WordWordBooks" ("Id", "WordId", "BookId", "CreatedAt", "UpdatedAt") 
        VALUES ('86d2d440-1937-492c-90f2-d7eaa721fa08', '9b54bb51-0240-4100-b3f6-374b00b2aaeb', 'e7c0544f-2ac7-4ba5-af33-b81dbfd99745', '2025-03-28T07:22:20.256640+00:00', '2025-03-28T07:22:20.256640+00:00');
INSERT INTO "WordWordBooks" ("Id", "WordId", "BookId", "CreatedAt", "UpdatedAt") 
        VALUES ('c54ec7de-4938-4994-b12b-94af9460de2f', 'eee187eb-c2e2-41f4-81c7-2b2e83cb6921', 'e7c0544f-2ac7-4ba5-af33-b81dbfd99745', '2025-03-28T07:22:20.256640+00:00', '2025-03-28T07:22:20.256640+00:00');
INSERT INTO "WordWordBooks" ("Id", "WordId", "BookId", "CreatedAt", "UpdatedAt") 
        VALUES ('f7ab88be-25e4-4768-8fa1-6e491c2976c6', 'e5d510f2-865b-496a-9c58-f7b44f63a157', 'e7c0544f-2ac7-4ba5-af33-b81dbfd99745', '2025-03-28T07:22:20.256640+00:00', '2025-03-28T07:22:20.256640+00:00');
INSERT INTO "WordWordBooks" ("Id", "WordId", "BookId", "CreatedAt", "UpdatedAt") 
        VALUES ('5b713110-e095-4dc9-a019-23820ca299c9', '424c3f8d-9f74-4abc-bf06-c2037c4505d9', 'e7c0544f-2ac7-4ba5-af33-b81dbfd99745', '2025-03-28T07:22:20.256640+00:00', '2025-03-28T07:22:20.256640+00:00');
INSERT INTO "WordWordBooks" ("Id", "WordId", "BookId", "CreatedAt", "UpdatedAt") 
        VALUES ('580da5ab-173d-41fe-bffd-cb5a0785807f', 'c263e155-21b1-421e-a45a-b77cfcbb7f4c', 'e7c0544f-2ac7-4ba5-af33-b81dbfd99745', '2025-03-28T07:22:20.256640+00:00', '2025-03-28T07:22:20.256640+00:00');
INSERT INTO "WordWordBooks" ("Id", "WordId", "BookId", "CreatedAt", "UpdatedAt") 
        VALUES ('58b9a1ef-03f3-4d9d-b8f2-c94dbda60728', '509e3059-b381-4171-935d-ae6e1078db1f', 'e7c0544f-2ac7-4ba5-af33-b81dbfd99745', '2025-03-28T07:22:20.256640+00:00', '2025-03-28T07:22:20.256640+00:00');
INSERT INTO "WordWordBooks" ("Id", "WordId", "BookId", "CreatedAt", "UpdatedAt") 
        VALUES ('18c3e015-3616-4efb-81c8-b0402110cab0', 'a9ecfe4f-4474-47c6-9242-2b347d7e3037', 'e7c0544f-2ac7-4ba5-af33-b81dbfd99745', '2025-03-28T07:22:20.256640+00:00', '2025-03-28T07:22:20.256640+00:00');
INSERT INTO "WordWordBooks" ("Id", "WordId", "BookId", "CreatedAt", "UpdatedAt") 
        VALUES ('93f50252-5ef9-4a4a-866f-7c02a1527d8a', 'd78c9cba-de04-4214-a4ec-80a87eb83199', 'e7c0544f-2ac7-4ba5-af33-b81dbfd99745', '2025-03-28T07:22:20.256640+00:00', '2025-03-28T07:22:20.256640+00:00');
INSERT INTO "WordWordBooks" ("Id", "WordId", "BookId", "CreatedAt", "UpdatedAt") 
        VALUES ('fcf5cc0b-b141-4926-93e7-9cab1f5ec7ec', 'd2ed90f2-9852-4156-b784-5edf1cd2a1b0', 'e7c0544f-2ac7-4ba5-af33-b81dbfd99745', '2025-03-28T07:22:20.256640+00:00', '2025-03-28T07:22:20.256640+00:00');
INSERT INTO "WordWordBooks" ("Id", "WordId", "BookId", "CreatedAt", "UpdatedAt") 
        VALUES ('16cb4b58-4808-424d-8e48-0776ff89f96f', '306bbe1e-40b5-4174-bf1b-85f11600e08b', 'e7c0544f-2ac7-4ba5-af33-b81dbfd99745', '2025-03-28T07:22:20.256640+00:00', '2025-03-28T07:22:20.256640+00:00');
INSERT INTO "WordWordBooks" ("Id", "WordId", "BookId", "CreatedAt", "UpdatedAt") 
        VALUES ('0a1e1817-dcf3-4a6e-b7a7-095be5f6d42c', '7df07a86-4648-456a-8dd0-b68c7d1cdd09', 'e7c0544f-2ac7-4ba5-af33-b81dbfd99745', '2025-03-28T07:22:20.256640+00:00', '2025-03-28T07:22:20.256640+00:00');
INSERT INTO "WordWordBooks" ("Id", "WordId", "BookId", "CreatedAt", "UpdatedAt") 
        VALUES ('0ceffc23-3a62-4a63-96a8-b94b31368cd9', 'c4b8ffe5-8087-42b6-9243-d61378b4e88e', 'e7c0544f-2ac7-4ba5-af33-b81dbfd99745', '2025-03-28T07:22:20.256640+00:00', '2025-03-28T07:22:20.256640+00:00');
INSERT INTO "WordWordBooks" ("Id", "WordId", "BookId", "CreatedAt", "UpdatedAt") 
        VALUES ('27e909d9-b73e-4875-923f-2bb6edf57fa3', '9c036bad-8404-445a-99cc-d1ff45f2bb01', 'e7c0544f-2ac7-4ba5-af33-b81dbfd99745', '2025-03-28T07:22:20.256640+00:00', '2025-03-28T07:22:20.256640+00:00');
INSERT INTO "WordWordBooks" ("Id", "WordId", "BookId", "CreatedAt", "UpdatedAt") 
        VALUES ('5d538625-c69d-40c4-b648-a1eba746ffde', 'f1b39cf8-c534-4d8b-960a-bbf972988765', 'e7c0544f-2ac7-4ba5-af33-b81dbfd99745', '2025-03-28T07:22:20.256640+00:00', '2025-03-28T07:22:20.256640+00:00');
INSERT INTO "WordWordBooks" ("Id", "WordId", "BookId", "CreatedAt", "UpdatedAt") 
        VALUES ('aa517c5a-7a4e-4d02-a48a-1e80334f8169', '661b94be-22e7-44e3-89f7-7ceefe5148f9', 'e7c0544f-2ac7-4ba5-af33-b81dbfd99745', '2025-03-28T07:22:20.256640+00:00', '2025-03-28T07:22:20.256640+00:00');
INSERT INTO "WordWordBooks" ("Id", "WordId", "BookId", "CreatedAt", "UpdatedAt") 
        VALUES ('6cee71f1-87c9-4466-9ddb-b48dc89361b1', '42a500c3-302c-4705-85bb-b9f2002c3a5a', 'e7c0544f-2ac7-4ba5-af33-b81dbfd99745', '2025-03-28T07:22:20.256640+00:00', '2025-03-28T07:22:20.256640+00:00');
INSERT INTO "WordWordBooks" ("Id", "WordId", "BookId", "CreatedAt", "UpdatedAt") 
        VALUES ('9636c052-7140-4ed7-8656-e072d95ff6ac', '37dc5bf7-4961-4933-9a68-19867c65c9c8', 'e7c0544f-2ac7-4ba5-af33-b81dbfd99745', '2025-03-28T07:22:20.256640+00:00', '2025-03-28T07:22:20.256640+00:00');
INSERT INTO "WordWordBooks" ("Id", "WordId", "BookId", "CreatedAt", "UpdatedAt") 
        VALUES ('d8145516-3710-4b08-be5d-78e9e5b2f737', '54aeb9b6-7a53-4221-a7a1-8783c17a1479', 'e7c0544f-2ac7-4ba5-af33-b81dbfd99745', '2025-03-28T07:22:20.256640+00:00', '2025-03-28T07:22:20.256640+00:00');
INSERT INTO "WordWordBooks" ("Id", "WordId", "BookId", "CreatedAt", "UpdatedAt") 
        VALUES ('52406d24-3983-4784-9202-59cb97d15f66', 'be56268b-f3ee-48d1-a529-590c7e574827', 'e7c0544f-2ac7-4ba5-af33-b81dbfd99745', '2025-03-28T07:22:20.256640+00:00', '2025-03-28T07:22:20.256640+00:00');
INSERT INTO "WordWordBooks" ("Id", "WordId", "BookId", "CreatedAt", "UpdatedAt") 
        VALUES ('84a8be7e-08a0-4108-9c00-f79b54c51e16', 'f8dd0e07-b6e0-4be3-81fa-9405bdb7fca2', 'e7c0544f-2ac7-4ba5-af33-b81dbfd99745', '2025-03-28T07:22:20.256640+00:00', '2025-03-28T07:22:20.256640+00:00');
INSERT INTO "WordWordBooks" ("Id", "WordId", "BookId", "CreatedAt", "UpdatedAt") 
        VALUES ('d970ee25-4d27-41b1-986c-9645b0c3f0e0', '7d7c62cd-5362-4cb8-9c59-c603dc24ebfe', 'e7c0544f-2ac7-4ba5-af33-b81dbfd99745', '2025-03-28T07:22:20.256640+00:00', '2025-03-28T07:22:20.256640+00:00');
INSERT INTO "WordWordBooks" ("Id", "WordId", "BookId", "CreatedAt", "UpdatedAt") 
        VALUES ('31723778-5f4e-4d2a-92ee-6b9852922282', '4705f5e7-b8d1-487e-b516-c6caacb16bad', 'e7c0544f-2ac7-4ba5-af33-b81dbfd99745', '2025-03-28T07:22:20.256640+00:00', '2025-03-28T07:22:20.256640+00:00');
INSERT INTO "WordWordBooks" ("Id", "WordId", "BookId", "CreatedAt", "UpdatedAt") 
        VALUES ('4473abd3-6202-49e3-a0f9-1eb62c479bfc', 'c29796d0-cffb-4e47-8ce8-bba7603203c6', 'e7c0544f-2ac7-4ba5-af33-b81dbfd99745', '2025-03-28T07:22:20.256640+00:00', '2025-03-28T07:22:20.256640+00:00');
INSERT INTO "WordWordBooks" ("Id", "WordId", "BookId", "CreatedAt", "UpdatedAt") 
        VALUES ('e796cc3f-02f3-4cc7-aa7c-09c53c132d6e', '529e9424-ff6b-4c68-9e37-01502433c750', 'e7c0544f-2ac7-4ba5-af33-b81dbfd99745', '2025-03-28T07:22:20.256640+00:00', '2025-03-28T07:22:20.256640+00:00');
INSERT INTO "WordWordBooks" ("Id", "WordId", "BookId", "CreatedAt", "UpdatedAt") 
        VALUES ('6a6ad78b-6ad6-41f5-987c-5658d4e0d59f', 'e7bb897e-c2d7-4b28-9376-2a48c405e05e', 'e7c0544f-2ac7-4ba5-af33-b81dbfd99745', '2025-03-28T07:22:20.256640+00:00', '2025-03-28T07:22:20.256640+00:00');
INSERT INTO "WordWordBooks" ("Id", "WordId", "BookId", "CreatedAt", "UpdatedAt") 
        VALUES ('363ca576-db55-48dc-adc8-09bbf9647ee6', '71ee6c45-b096-4a8c-9a5c-d083d27a2400', 'e7c0544f-2ac7-4ba5-af33-b81dbfd99745', '2025-03-28T07:22:20.256640+00:00', '2025-03-28T07:22:20.256640+00:00');
INSERT INTO "WordWordBooks" ("Id", "WordId", "BookId", "CreatedAt", "UpdatedAt") 
        VALUES ('1f730a19-8b2f-46a4-8cfa-3967b7ab49f9', '179bd92a-5c10-4d7e-99ef-4e6f79c68da0', 'e7c0544f-2ac7-4ba5-af33-b81dbfd99745', '2025-03-28T07:22:20.256640+00:00', '2025-03-28T07:22:20.256640+00:00');
INSERT INTO "WordWordBooks" ("Id", "WordId", "BookId", "CreatedAt", "UpdatedAt") 
        VALUES ('5ad8fc49-4bfa-4d16-a5cc-a922f275bd8f', '63eb6c77-4a43-4caf-b94d-7eebae2b3caf', 'e7c0544f-2ac7-4ba5-af33-b81dbfd99745', '2025-03-28T07:22:20.256640+00:00', '2025-03-28T07:22:20.256640+00:00');
INSERT INTO "WordWordBooks" ("Id", "WordId", "BookId", "CreatedAt", "UpdatedAt") 
        VALUES ('ad9feb3f-a31f-489a-9f2f-23850f348f42', '6ba77efa-5fc0-4674-aac8-e29a6db18e2c', 'e7c0544f-2ac7-4ba5-af33-b81dbfd99745', '2025-03-28T07:22:20.256640+00:00', '2025-03-28T07:22:20.256640+00:00');
INSERT INTO "WordWordBooks" ("Id", "WordId", "BookId", "CreatedAt", "UpdatedAt") 
        VALUES ('546214de-f46d-454e-8254-4c98c2e36a0c', '52554040-ea57-4def-834e-a7484f50a9bf', 'e7c0544f-2ac7-4ba5-af33-b81dbfd99745', '2025-03-28T07:22:20.256640+00:00', '2025-03-28T07:22:20.256640+00:00');
INSERT INTO "WordWordBooks" ("Id", "WordId", "BookId", "CreatedAt", "UpdatedAt") 
        VALUES ('6aa57ae8-e704-4511-88de-cd35c7c5e636', 'b43f7276-9ed9-46a8-a0a2-e00013eb310c', 'e7c0544f-2ac7-4ba5-af33-b81dbfd99745', '2025-03-28T07:22:20.256640+00:00', '2025-03-28T07:22:20.256640+00:00');
INSERT INTO "WordWordBooks" ("Id", "WordId", "BookId", "CreatedAt", "UpdatedAt") 
        VALUES ('69ca8cf9-44ad-41ad-9fb8-8b6cc438ba62', 'd2354f17-a23e-48ed-a8de-e540ebdaa6de', 'e7c0544f-2ac7-4ba5-af33-b81dbfd99745', '2025-03-28T07:22:20.256640+00:00', '2025-03-28T07:22:20.256640+00:00');
INSERT INTO "WordWordBooks" ("Id", "WordId", "BookId", "CreatedAt", "UpdatedAt") 
        VALUES ('afc59539-a235-40d6-8b64-51c98e1c2951', 'f2d1aef8-c8f1-45b4-8a90-d3370be4bf17', 'e7c0544f-2ac7-4ba5-af33-b81dbfd99745', '2025-03-28T07:22:20.256640+00:00', '2025-03-28T07:22:20.256640+00:00');
INSERT INTO "WordWordBooks" ("Id", "WordId", "BookId", "CreatedAt", "UpdatedAt") 
        VALUES ('12ab2c37-24f1-439e-a4cd-5e371c7808aa', '0cc03768-8cc4-4576-8234-8293f716f81a', 'e7c0544f-2ac7-4ba5-af33-b81dbfd99745', '2025-03-28T07:22:20.256640+00:00', '2025-03-28T07:22:20.256640+00:00');
INSERT INTO "WordWordBooks" ("Id", "WordId", "BookId", "CreatedAt", "UpdatedAt") 
        VALUES ('26a14c3d-cfe8-4e85-9c28-85d0efa04bb4', 'e133eed6-4b8d-4b00-81cf-e7886d16fab7', 'e7c0544f-2ac7-4ba5-af33-b81dbfd99745', '2025-03-28T07:22:20.256640+00:00', '2025-03-28T07:22:20.256640+00:00');
INSERT INTO "WordWordBooks" ("Id", "WordId", "BookId", "CreatedAt", "UpdatedAt") 
        VALUES ('04a127fe-0a5e-41d0-94c3-db13c14ce14c', '3513c675-290c-4319-a265-d170bf08bfe8', 'e7c0544f-2ac7-4ba5-af33-b81dbfd99745', '2025-03-28T07:22:20.256640+00:00', '2025-03-28T07:22:20.256640+00:00');
INSERT INTO "WordWordBooks" ("Id", "WordId", "BookId", "CreatedAt", "UpdatedAt") 
        VALUES ('449847c3-7818-4da1-bdf7-67769371f5e7', '46f212e8-a021-42b0-a950-fc2de66f9d12', 'e7c0544f-2ac7-4ba5-af33-b81dbfd99745', '2025-03-28T07:22:20.256640+00:00', '2025-03-28T07:22:20.256640+00:00');
INSERT INTO "WordWordBooks" ("Id", "WordId", "BookId", "CreatedAt", "UpdatedAt") 
        VALUES ('06266cce-401c-4400-be13-64d0b6a34bab', '7ccd9764-207b-431a-837a-eb0b0b719f25', 'e7c0544f-2ac7-4ba5-af33-b81dbfd99745', '2025-03-28T07:22:20.256640+00:00', '2025-03-28T07:22:20.256640+00:00');
INSERT INTO "WordWordBooks" ("Id", "WordId", "BookId", "CreatedAt", "UpdatedAt") 
        VALUES ('e5915396-e8b7-4306-941b-e8d88648cc6f', 'f72fd1c0-cf52-4987-b558-c395f7002905', 'e7c0544f-2ac7-4ba5-af33-b81dbfd99745', '2025-03-28T07:22:20.256640+00:00', '2025-03-28T07:22:20.256640+00:00');
INSERT INTO "WordWordBooks" ("Id", "WordId", "BookId", "CreatedAt", "UpdatedAt") 
        VALUES ('2c892734-fd17-4e05-ab17-c5992bd44f09', '929e7031-26d4-4bec-9f11-429494e5a507', 'e7c0544f-2ac7-4ba5-af33-b81dbfd99745', '2025-03-28T07:22:20.256640+00:00', '2025-03-28T07:22:20.256640+00:00');
INSERT INTO "WordWordBooks" ("Id", "WordId", "BookId", "CreatedAt", "UpdatedAt") 
        VALUES ('fa3e6c23-63e2-4e1d-ad10-010e31a593d5', '326c2e95-4a5e-4425-a74d-316695fab329', 'e7c0544f-2ac7-4ba5-af33-b81dbfd99745', '2025-03-28T07:22:20.256640+00:00', '2025-03-28T07:22:20.256640+00:00');
INSERT INTO "WordWordBooks" ("Id", "WordId", "BookId", "CreatedAt", "UpdatedAt") 
        VALUES ('98ffed55-b1d5-4f04-a6d2-957c4c11c946', 'cdee5e0f-1f75-4e0d-9812-7767015eb425', 'e7c0544f-2ac7-4ba5-af33-b81dbfd99745', '2025-03-28T07:22:20.256640+00:00', '2025-03-28T07:22:20.256640+00:00');
INSERT INTO "WordWordBooks" ("Id", "WordId", "BookId", "CreatedAt", "UpdatedAt") 
        VALUES ('bc86aae0-1354-495a-9bb2-3910635faf6d', 'e4aa9065-8d67-4ebb-b69a-03a52f272865', 'e7c0544f-2ac7-4ba5-af33-b81dbfd99745', '2025-03-28T07:22:20.256640+00:00', '2025-03-28T07:22:20.256640+00:00');
INSERT INTO "WordWordBooks" ("Id", "WordId", "BookId", "CreatedAt", "UpdatedAt") 
        VALUES ('0b802c35-2d92-4d34-8ae1-c1d69fff63e9', 'c6172ebb-77ed-440f-921b-596ea21dfc0b', 'e7c0544f-2ac7-4ba5-af33-b81dbfd99745', '2025-03-28T07:22:20.256640+00:00', '2025-03-28T07:22:20.256640+00:00');
INSERT INTO "WordWordBooks" ("Id", "WordId", "BookId", "CreatedAt", "UpdatedAt") 
        VALUES ('b3e1f4db-db36-45b7-ab45-acc22beb7808', '263ec750-32d4-48b0-93d7-f0f8e67eb877', 'e7c0544f-2ac7-4ba5-af33-b81dbfd99745', '2025-03-28T07:22:20.256640+00:00', '2025-03-28T07:22:20.256640+00:00');
INSERT INTO "WordWordBooks" ("Id", "WordId", "BookId", "CreatedAt", "UpdatedAt") 
        VALUES ('232c5ff5-7a59-4c16-8642-16d23bc35fc2', 'eb3424f4-2334-4552-b095-7fd507ac384c', 'e7c0544f-2ac7-4ba5-af33-b81dbfd99745', '2025-03-28T07:22:20.256640+00:00', '2025-03-28T07:22:20.256640+00:00');
INSERT INTO "WordWordBooks" ("Id", "WordId", "BookId", "CreatedAt", "UpdatedAt") 
        VALUES ('8867f374-8d15-4e01-ac1b-4cb31b3e0668', '092cb042-bb52-47ca-80ec-bd2172d9e14e', 'e7c0544f-2ac7-4ba5-af33-b81dbfd99745', '2025-03-28T07:22:20.256640+00:00', '2025-03-28T07:22:20.256640+00:00');
INSERT INTO "WordWordBooks" ("Id", "WordId", "BookId", "CreatedAt", "UpdatedAt") 
        VALUES ('59f27842-1061-428a-acf2-16313e3f9e97', '3573ba2b-6257-4b93-8049-98b15a5dc4cb', 'e7c0544f-2ac7-4ba5-af33-b81dbfd99745', '2025-03-28T07:22:20.256640+00:00', '2025-03-28T07:22:20.256640+00:00');
INSERT INTO "WordWordBooks" ("Id", "WordId", "BookId", "CreatedAt", "UpdatedAt") 
        VALUES ('614492a0-ddc6-44a3-80af-c356dddba29b', '32359b2b-9d28-42e2-9489-d07d16c902d5', 'e7c0544f-2ac7-4ba5-af33-b81dbfd99745', '2025-03-28T07:22:20.256640+00:00', '2025-03-28T07:22:20.256640+00:00');
INSERT INTO "WordWordBooks" ("Id", "WordId", "BookId", "CreatedAt", "UpdatedAt") 
        VALUES ('79dd41ac-7fb3-4ee8-9cf5-510dee727cb1', '9717b67f-25e1-4ae0-bda6-8ed6cbecd53e', 'e7c0544f-2ac7-4ba5-af33-b81dbfd99745', '2025-03-28T07:22:20.256640+00:00', '2025-03-28T07:22:20.256640+00:00');