INSERT INTO "Words" ("Id", "WordText", "Pronunciation", "Definition", "ExampleSentence", "CreatedAt", "UpdatedAt") 
              VALUES ('06e18527-6238-4f04-ba69-c275872d678e', 'lucky', '''lʌki', 'a. 幸运的, 吉祥的, 好运的, 侥幸的', '', '2025-03-26T14:51:39.658693+00:00', '2025-03-26T14:51:39.658693+00:00');
INSERT INTO "Words" ("Id", "WordText", "Pronunciation", "Definition", "ExampleSentence", "CreatedAt", "UpdatedAt") 
              VALUES ('cb95a6e7-1f96-4ff4-928f-9871d008e22f', 'heaven', '''hevn', 'n. 天堂, 上帝, 天空', '', '2025-03-26T14:51:39.658693+00:00', '2025-03-26T14:51:39.658693+00:00');
INSERT INTO "Words" ("Id", "WordText", "Pronunciation", "Definition", "ExampleSentence", "CreatedAt", "UpdatedAt") 
              VALUES ('813afbfc-740b-4f8b-9f29-06cafcdefe34', 'lock', 'lɒk', 'n. 锁, 刹车, 水闸, 一缕头发
vt. 锁, 锁上, 拘禁, 隐藏, (用锁等)拴住, 刹住
vi. 锁住, (齿轮等)啮合, (船)过闸', '', '2025-03-26T14:51:39.658693+00:00', '2025-03-26T14:51:39.658693+00:00');
INSERT INTO "Words" ("Id", "WordText", "Pronunciation", "Definition", "ExampleSentence", "CreatedAt", "UpdatedAt") 
              VALUES ('8d5c4b82-d4d2-4799-baaa-7f84a51782a9', 'shy', 'ʃai', 'n. 惊跳, 惊避
a. 胆怯的, 畏缩的, 迟疑的, 羞怯的
vi. 惊退, 乱投, 乱掷, 厌恶, 避开
vt. 乱投, 乱掷', '', '2025-03-26T14:51:39.658693+00:00', '2025-03-26T14:51:39.658693+00:00');
INSERT INTO "Words" ("Id", "WordText", "Pronunciation", "Definition", "ExampleSentence", "CreatedAt", "UpdatedAt") 
              VALUES ('e1f076e9-2ba2-4476-a7b1-92acf52cdfe2', 'bucket', '''bʌkit', 'n. 桶
[计] 存储桶; 桶', '', '2025-03-26T14:51:39.658693+00:00', '2025-03-26T14:51:39.658693+00:00');
INSERT INTO "Words" ("Id", "WordText", "Pronunciation", "Definition", "ExampleSentence", "CreatedAt", "UpdatedAt") 
              VALUES ('8e46a2ac-1c10-406e-b16f-5a9b5f11c41b', 'logical', '''lɒdʒikәl', 'a. 合乎逻辑的, 合理的
[法] 逻辑的, 符合逻辑的', '', '2025-03-26T14:51:39.658693+00:00', '2025-03-26T14:51:39.658693+00:00');
INSERT INTO "Words" ("Id", "WordText", "Pronunciation", "Definition", "ExampleSentence", "CreatedAt", "UpdatedAt") 
              VALUES ('37000bc4-1664-4874-b5fc-956c94d38406', 'shop', 'ʃɒp', 'n. 商店, 工厂, 车间
vi. 购物, 到处寻找
vt. 选购', '', '2025-03-26T14:51:39.658693+00:00', '2025-03-26T14:51:39.658693+00:00');
INSERT INTO "Words" ("Id", "WordText", "Pronunciation", "Definition", "ExampleSentence", "CreatedAt", "UpdatedAt") 
              VALUES ('6951d129-5e53-4c2b-9524-bdbff9e07ab9', 'special', '''speʃәl', 'n. 专辑, 专车, 号外, 特别的东西, 负有特别任务的人员
a. 特别的, 专门的, 特殊的, 额外的, 附加的, 特别亲密的', '', '2025-03-26T14:51:39.658693+00:00', '2025-03-26T14:51:39.658693+00:00');
INSERT INTO "Words" ("Id", "WordText", "Pronunciation", "Definition", "ExampleSentence", "CreatedAt", "UpdatedAt") 
              VALUES ('94a24951-0429-4067-b7fb-0a2e6c550f8b', 'bubble', '''bʌbl', 'n. 泡沫
vi. 冒泡, 沸腾
vt. 使冒泡, 滔滔不绝地说', '', '2025-03-26T14:51:39.658693+00:00', '2025-03-26T14:51:39.658693+00:00');
INSERT INTO "Words" ("Id", "WordText", "Pronunciation", "Definition", "ExampleSentence", "CreatedAt", "UpdatedAt") 
              VALUES ('e7c494d4-5dd1-4718-bbac-9569fa3788ad', 'monkey', '''mʌŋki', 'n. 猴子, 猿, 打桩锤
vi. 淘气, 胡闹
vt. 嘲弄', '', '2025-03-26T14:51:39.658693+00:00', '2025-03-26T14:51:39.658693+00:00');
INSERT INTO "Words" ("Id", "WordText", "Pronunciation", "Definition", "ExampleSentence", "CreatedAt", "UpdatedAt") 
              VALUES ('f81ae224-2999-42d0-94a3-3b459a705682', 'airline', '''єәlain', 'n. 航线, 航线的设备, 航空公司', '', '2025-03-26T14:51:39.658693+00:00', '2025-03-26T14:51:39.658693+00:00');
INSERT INTO "Words" ("Id", "WordText", "Pronunciation", "Definition", "ExampleSentence", "CreatedAt", "UpdatedAt") 
              VALUES ('e4050678-a860-404b-800d-9e9da0fe8630', 'monitor', '''mɒnitә', 'n. 监督器, 级长, 监听员, 班长, 监视器, 告诫物
v. 监视, 监听, 监督
[计] 监视器, 监视程序; 监视', '', '2025-03-26T14:51:39.658693+00:00', '2025-03-26T14:51:39.658693+00:00');
INSERT INTO "Words" ("Id", "WordText", "Pronunciation", "Definition", "ExampleSentence", "CreatedAt", "UpdatedAt") 
              VALUES ('768eddd8-9e4e-4c86-961b-dac970b38bec', 'view', 'vju:', 'n. 视野, 风景, 见解, 视力, 观看, 视图, 指望, 意图, 印象
vt. 看, 考虑, 视察, 查看, 估量
[计] 视图', '', '2025-03-26T14:51:39.658693+00:00', '2025-03-26T14:51:39.658693+00:00');
INSERT INTO "Words" ("Id", "WordText", "Pronunciation", "Definition", "ExampleSentence", "CreatedAt", "UpdatedAt") 
              VALUES ('4dc23d2c-8924-4725-9395-36915ed2f531', 'phone', 'fәun', 'n. 电话, 受话器, 耳机
vt. 打电话给
vi. 打电话', '', '2025-03-26T14:51:39.658693+00:00', '2025-03-26T14:51:39.658693+00:00');
INSERT INTO "Words" ("Id", "WordText", "Pronunciation", "Definition", "ExampleSentence", "CreatedAt", "UpdatedAt") 
              VALUES ('f462fcd6-540e-4d35-bdaa-bca5ab99a363', 'radius', '''reidiәs', 'n. 半径, 范围, 辐射光线
[电] 半径', '', '2025-03-26T14:51:39.658693+00:00', '2025-03-26T14:51:39.658693+00:00');
INSERT INTO "Words" ("Id", "WordText", "Pronunciation", "Definition", "ExampleSentence", "CreatedAt", "UpdatedAt") 
              VALUES ('c49f9947-c905-43ae-8ea1-c33894e95daf', 'spaceship', '''speisʃip', 'n. 宇宙飞船', '', '2025-03-26T14:51:39.658693+00:00', '2025-03-26T14:51:39.658693+00:00');
INSERT INTO "Words" ("Id", "WordText", "Pronunciation", "Definition", "ExampleSentence", "CreatedAt", "UpdatedAt") 
              VALUES ('0f9144cb-174d-43a1-87ef-500c6465a25d', 'furniture', '''fәnitʃә', 'n. 家具, 帆具', '', '2025-03-26T14:51:39.658693+00:00', '2025-03-26T14:51:39.658693+00:00');
INSERT INTO "Words" ("Id", "WordText", "Pronunciation", "Definition", "ExampleSentence", "CreatedAt", "UpdatedAt") 
              VALUES ('f0416cbd-da65-49f6-afdd-c1cab536038b', 'memorial', 'mi''mɒ:riәl', 'n. 纪念物, 请愿书
a. 记念的, 记忆的', '', '2025-03-26T14:51:39.658693+00:00', '2025-03-26T14:51:39.658693+00:00');
INSERT INTO "Words" ("Id", "WordText", "Pronunciation", "Definition", "ExampleSentence", "CreatedAt", "UpdatedAt") 
              VALUES ('14dcaff6-574e-4ad9-a985-f9e6f8ef1264', 'bird', 'bә:d', 'n. 鸟, 羽毛球
vi. 打鸟', '', '2025-03-26T14:51:39.658693+00:00', '2025-03-26T14:51:39.658693+00:00');
INSERT INTO "Words" ("Id", "WordText", "Pronunciation", "Definition", "ExampleSentence", "CreatedAt", "UpdatedAt") 
              VALUES ('dc9bfd4e-ddae-4789-818b-db611b2eab15', 'economic', '.i:kә''nɒmik', 'a. 经济上的, 实用的, 节省的
[经] 经济的', '', '2025-03-26T14:51:39.658693+00:00', '2025-03-26T14:51:39.658693+00:00');
INSERT INTO "Words" ("Id", "WordText", "Pronunciation", "Definition", "ExampleSentence", "CreatedAt", "UpdatedAt") 
              VALUES ('823e41cd-daea-4615-8a32-50748383115d', 'soft', 'sɒft', 'a. 软的, 温和的, 柔和的, 柔滑的, 温柔的, 软弱的, 坡度小的, 笨的, 纸币的
n. 柔软的东西, 笨人, 纸币
adv. 柔软地, 温和地', '', '2025-03-26T14:51:39.658693+00:00', '2025-03-26T14:51:39.658693+00:00');
INSERT INTO "Words" ("Id", "WordText", "Pronunciation", "Definition", "ExampleSentence", "CreatedAt", "UpdatedAt") 
              VALUES ('8e4d6616-8f21-4753-8483-bad3f8d45928', 'cry', 'krai', 'n. 叫声, 哭声, 大叫
vi. 哭, 叫, 喊
vt. 叫喊, 大声说, 哭出', '', '2025-03-26T14:51:39.658693+00:00', '2025-03-26T14:51:39.658693+00:00');
INSERT INTO "Words" ("Id", "WordText", "Pronunciation", "Definition", "ExampleSentence", "CreatedAt", "UpdatedAt") 
              VALUES ('d500034f-9465-4b30-96ca-02fefd12fc67', 'sentence', '''sentәns', 'n. 句子, 命题, 宣判
vt. 宣判, 判决
[计] 句子', '', '2025-03-26T14:51:39.658693+00:00', '2025-03-26T14:51:39.658693+00:00');
INSERT INTO "Words" ("Id", "WordText", "Pronunciation", "Definition", "ExampleSentence", "CreatedAt", "UpdatedAt") 
              VALUES ('5062a48a-91a6-4441-9b2a-a80b4cccbacf', 'physics', '''fiziks', 'n. 物理学, 物理过程, 物理现象
[化] 物理; 物理学', '', '2025-03-26T14:51:39.658693+00:00', '2025-03-26T14:51:39.658693+00:00');
INSERT INTO "Words" ("Id", "WordText", "Pronunciation", "Definition", "ExampleSentence", "CreatedAt", "UpdatedAt") 
              VALUES ('e015bca0-9231-446e-b186-84c18c359d81', 'office', '''ɒfis', 'n. 办公室, 部, 公职, 职责
[化] 办公室', '', '2025-03-26T14:51:39.658693+00:00', '2025-03-26T14:51:39.658693+00:00');
INSERT INTO "Words" ("Id", "WordText", "Pronunciation", "Definition", "ExampleSentence", "CreatedAt", "UpdatedAt") 
              VALUES ('128890ce-5e1f-4eba-a05d-b8215a750019', 'rail', 'reil', 'n. 横杆, 围栏, 栏杆, 铁轨, 扶手, 秧鸡
vt. 以横木围栏, 给...铺铁轨
vi. 责骂, 抱怨', '', '2025-03-26T14:51:39.658693+00:00', '2025-03-26T14:51:39.658693+00:00');
INSERT INTO "Words" ("Id", "WordText", "Pronunciation", "Definition", "ExampleSentence", "CreatedAt", "UpdatedAt") 
              VALUES ('65b81d26-e0dc-471e-9fcf-374f08170a08', 'hotel', 'hәu''tel', 'n. 旅馆, 客栈', '', '2025-03-26T14:51:39.658693+00:00', '2025-03-26T14:51:39.658693+00:00');
INSERT INTO "Words" ("Id", "WordText", "Pronunciation", "Definition", "ExampleSentence", "CreatedAt", "UpdatedAt") 
              VALUES ('bfe71de9-b07e-4b5f-8e94-45c8a7cb6eae', 'strawberry', '''strɒ:bәri', 'n. 草莓', '', '2025-03-26T14:51:39.658693+00:00', '2025-03-26T14:51:39.658693+00:00');
INSERT INTO "Words" ("Id", "WordText", "Pronunciation", "Definition", "ExampleSentence", "CreatedAt", "UpdatedAt") 
              VALUES ('34f36160-3b94-4879-95f5-ade2da880298', 'bloom', 'blu:m', 'n. 花, 开花, 青春, 钢块
vi. 开花, 焕发青春, 茂盛
vt. 使茂盛, 把...轧成钢坯', '', '2025-03-26T14:51:39.658693+00:00', '2025-03-26T14:51:39.658693+00:00');
INSERT INTO "Words" ("Id", "WordText", "Pronunciation", "Definition", "ExampleSentence", "CreatedAt", "UpdatedAt") 
              VALUES ('d70f4a4e-5e00-4cd7-b449-112868047216', 'candy', '''kændi', 'n. 糖果, 冰糖
vt. 用糖煮, 使结晶为砂糖
vi. 结晶为砂糖', '', '2025-03-26T14:51:39.658693+00:00', '2025-03-26T14:51:39.658693+00:00');
INSERT INTO "Words" ("Id", "WordText", "Pronunciation", "Definition", "ExampleSentence", "CreatedAt", "UpdatedAt") 
              VALUES ('a0b86ed5-04e1-4f0b-8a7a-95a400f56acb', 'helmet', '''helmit', 'n. 钢盔, 盔, 防护帽
vt. 给...戴头盔', '', '2025-03-26T14:51:39.658693+00:00', '2025-03-26T14:51:39.658693+00:00');
INSERT INTO "Words" ("Id", "WordText", "Pronunciation", "Definition", "ExampleSentence", "CreatedAt", "UpdatedAt") 
              VALUES ('dbda550e-1a5f-430f-bc01-98e1fb3dfe33', 'mountain', '''mauntin', 'n. 山, 山脉, 大堆', '', '2025-03-26T14:51:39.658693+00:00', '2025-03-26T14:51:39.658693+00:00');
INSERT INTO "Words" ("Id", "WordText", "Pronunciation", "Definition", "ExampleSentence", "CreatedAt", "UpdatedAt") 
              VALUES ('d14bdc6b-2724-4ad0-888e-56ed4a441a39', 'ceiling', '''si:liŋ', 'n. 天花板
[经] 顶点, 顶线, 上限', '', '2025-03-26T14:51:39.658693+00:00', '2025-03-26T14:51:39.658693+00:00');
INSERT INTO "Words" ("Id", "WordText", "Pronunciation", "Definition", "ExampleSentence", "CreatedAt", "UpdatedAt") 
              VALUES ('0296edc4-a316-44a8-8d72-22fb8cb9217f', 'system', '''sistәm', 'n. 系统, 体系, 制度, 方式, 秩序, 分类原则
[计] 系统; 体制; 体系', '', '2025-03-26T14:51:39.658693+00:00', '2025-03-26T14:51:39.658693+00:00');
INSERT INTO "Words" ("Id", "WordText", "Pronunciation", "Definition", "ExampleSentence", "CreatedAt", "UpdatedAt") 
              VALUES ('d8ac56be-0d22-44f6-8466-82a715c11de7', 'narrow', '''nærәu', 'n. 狭窄部分, 隘路
a. 狭窄的, 仔细的, 有限的, 勉强的, 狭隘的, 手紧的
vi. 变窄
vt. 使变狭窄', '', '2025-03-26T14:51:39.658693+00:00', '2025-03-26T14:51:39.658693+00:00');
INSERT INTO "Words" ("Id", "WordText", "Pronunciation", "Definition", "ExampleSentence", "CreatedAt", "UpdatedAt") 
              VALUES ('6c958722-0a68-4495-815c-c5a7b6135662', 'stone', 'stәun', 'n. 石头, 宝石, 果核, 纪念碑, 结石
vt. 投扔石子, 铺石头
a. 石的, 石制的, 完全的', '', '2025-03-26T14:51:39.658693+00:00', '2025-03-26T14:51:39.658693+00:00');
INSERT INTO "Words" ("Id", "WordText", "Pronunciation", "Definition", "ExampleSentence", "CreatedAt", "UpdatedAt") 
              VALUES ('8f519f3a-105d-4fc3-9f75-fe0161424336', 'planet', '''plænit', 'n. 行星, 命运星辰, 杰出的人, 重大影响的事', '', '2025-03-26T14:51:39.658693+00:00', '2025-03-26T14:51:39.658693+00:00');
INSERT INTO "Words" ("Id", "WordText", "Pronunciation", "Definition", "ExampleSentence", "CreatedAt", "UpdatedAt") 
              VALUES ('43702bb0-8ca2-4681-8f67-5c550548eaed', 'market', '''mɑ:kit', 'n. 市场, 交易, 集市, 推销地区, 行情, 市面, 销路
vt. 在市场上交易, 使上市, 销售
vi. 在市场上买卖', '', '2025-03-26T14:51:39.658693+00:00', '2025-03-26T14:51:39.658693+00:00');
INSERT INTO "Words" ("Id", "WordText", "Pronunciation", "Definition", "ExampleSentence", "CreatedAt", "UpdatedAt") 
              VALUES ('70614a54-57d1-4051-b31d-f09de31e90dc', 'girl', 'gә:l', 'n. 女孩, 少女, 女佣', '', '2025-03-26T14:51:39.658693+00:00', '2025-03-26T14:51:39.658693+00:00');
INSERT INTO "Words" ("Id", "WordText", "Pronunciation", "Definition", "ExampleSentence", "CreatedAt", "UpdatedAt") 
              VALUES ('114cf0f1-80b0-4cb1-aa3d-ac50595a0abd', 'engine', '''endʒin', 'n. 引擎, 发动机, 机车
vt. 安装发动机于', '', '2025-03-26T14:51:39.658693+00:00', '2025-03-26T14:51:39.658693+00:00');
INSERT INTO "Words" ("Id", "WordText", "Pronunciation", "Definition", "ExampleSentence", "CreatedAt", "UpdatedAt") 
              VALUES ('e93cc0fd-feff-4f1e-a465-f72d4c52e977', 'viewpoint', '''vju:pɒint', 'n. 观点', '', '2025-03-26T14:51:39.658693+00:00', '2025-03-26T14:51:39.658693+00:00');
INSERT INTO "Words" ("Id", "WordText", "Pronunciation", "Definition", "ExampleSentence", "CreatedAt", "UpdatedAt") 
              VALUES ('35ed6dd8-5975-4386-b804-9c940d5d6c25', 'CORE', 'kɒ:', 'n. 核心, 果心, 要点
vt. 挖...的核
[计] 内核, 核心网', '', '2025-03-26T14:51:39.658693+00:00', '2025-03-26T14:51:39.658693+00:00');
INSERT INTO "Words" ("Id", "WordText", "Pronunciation", "Definition", "ExampleSentence", "CreatedAt", "UpdatedAt") 
              VALUES ('ecb2a537-682e-4ead-80b3-9e90cfae2dde', 'magnet', '''mægnit', 'n. 磁铁, 有吸引力之人, 有吸引力之物
[化] 磁体', '', '2025-03-26T14:51:39.658693+00:00', '2025-03-26T14:51:39.658693+00:00');
INSERT INTO "Words" ("Id", "WordText", "Pronunciation", "Definition", "ExampleSentence", "CreatedAt", "UpdatedAt") 
              VALUES ('d3e8897c-c4e9-42de-840d-d8eff81f895e', 'fox', 'fɒks', 'n. 狐狸, 狡猾的人
vi. 奸狡地行动, (书页)生斑, 变酸
vt. 欺骗, 使变酸, 为(鞋等)换面, 使生黄斑', '', '2025-03-26T14:51:39.658693+00:00', '2025-03-26T14:51:39.658693+00:00');
INSERT INTO "Words" ("Id", "WordText", "Pronunciation", "Definition", "ExampleSentence", "CreatedAt", "UpdatedAt") 
              VALUES ('d52aca5d-c86f-43db-8c32-de93addf7c85', 'fate', 'feit', 'n. 命运, 运气
vt. 注定', '', '2025-03-26T14:51:39.658693+00:00', '2025-03-26T14:51:39.658693+00:00');
INSERT INTO "Words" ("Id", "WordText", "Pronunciation", "Definition", "ExampleSentence", "CreatedAt", "UpdatedAt") 
              VALUES ('2bad1b95-511e-41ba-94ae-06f501c9a349', 'robot', '''rәubәt', 'n. 机械人, 自动机械, 机械般工作的人
[计] 机器人; 自动机', '', '2025-03-26T14:51:39.658693+00:00', '2025-03-26T14:51:39.658693+00:00');
INSERT INTO "Words" ("Id", "WordText", "Pronunciation", "Definition", "ExampleSentence", "CreatedAt", "UpdatedAt") 
              VALUES ('8050cfe6-2055-4440-a7d9-fa5fc9d0e21c', 'nature', '''neitʃә', 'n. 自然, 大自然, 本性, 性格, 性质
[医] 自然, 大自然; 本性, 性能', '', '2025-03-26T14:51:39.658693+00:00', '2025-03-26T14:51:39.658693+00:00');
INSERT INTO "Words" ("Id", "WordText", "Pronunciation", "Definition", "ExampleSentence", "CreatedAt", "UpdatedAt") 
              VALUES ('0c56d9d0-7c82-4b62-9898-843f115a0f44', 'circuit', '''sә:kit', 'n. 电路, 环(行)道, 巡回
[计] 线路; 电路', '', '2025-03-26T14:51:39.658693+00:00', '2025-03-26T14:51:39.658693+00:00');
INSERT INTO "Words" ("Id", "WordText", "Pronunciation", "Definition", "ExampleSentence", "CreatedAt", "UpdatedAt") 
              VALUES ('1dc6a8fd-fd94-49af-b2ce-b0ca5fc95246', 'repair', 'ri''pєә', 'n. 修理, 补救, 修复
vt. 修理, 修补, 补救, 恢复, 补偿
vi. 修理, 修补, 补救, 恢复, 去, 常去, 集合', '', '2025-03-26T14:51:39.658693+00:00', '2025-03-26T14:51:39.658693+00:00');
INSERT INTO "Words" ("Id", "WordText", "Pronunciation", "Definition", "ExampleSentence", "CreatedAt", "UpdatedAt") 
              VALUES ('a4d24575-b573-4ec0-b06f-066561375108', 'team', 'ti:m', 'n. 队, 组
vt. 把马(牛)套在同一辆车上, 把...编成一组
vi. 驾驶卡车, 协作', '', '2025-03-26T14:51:39.658693+00:00', '2025-03-26T14:51:39.658693+00:00');
INSERT INTO "WordDistractors" ("Id", "WordId", "DistractorId", "CreatedAt", "UpdatedAt") 
                  VALUES ('b38798cb-7dc8-4a32-a86f-474afc8e994b', '06e18527-6238-4f04-ba69-c275872d678e', 'e015bca0-9231-446e-b186-84c18c359d81', '2025-03-26T14:51:39.658693+00:00', '2025-03-26T14:51:39.658693+00:00');
INSERT INTO "WordDistractors" ("Id", "WordId", "DistractorId", "CreatedAt", "UpdatedAt") 
                  VALUES ('d678ccbd-9586-4cdb-8999-8229ee34e47d', '06e18527-6238-4f04-ba69-c275872d678e', '0c56d9d0-7c82-4b62-9898-843f115a0f44', '2025-03-26T14:51:39.658693+00:00', '2025-03-26T14:51:39.658693+00:00');
INSERT INTO "WordDistractors" ("Id", "WordId", "DistractorId", "CreatedAt", "UpdatedAt") 
                  VALUES ('2470b941-c6cd-44a4-9e9b-efe465da0704', '06e18527-6238-4f04-ba69-c275872d678e', '65b81d26-e0dc-471e-9fcf-374f08170a08', '2025-03-26T14:51:39.658693+00:00', '2025-03-26T14:51:39.658693+00:00');
INSERT INTO "WordDistractors" ("Id", "WordId", "DistractorId", "CreatedAt", "UpdatedAt") 
                  VALUES ('1ad1fcaf-23a8-4e12-bf73-9599e86690d2', 'cb95a6e7-1f96-4ff4-928f-9871d008e22f', '823e41cd-daea-4615-8a32-50748383115d', '2025-03-26T14:51:39.658693+00:00', '2025-03-26T14:51:39.658693+00:00');
INSERT INTO "WordDistractors" ("Id", "WordId", "DistractorId", "CreatedAt", "UpdatedAt") 
                  VALUES ('e7c7c4a3-7361-4838-b823-c201a76c6818', 'cb95a6e7-1f96-4ff4-928f-9871d008e22f', '128890ce-5e1f-4eba-a05d-b8215a750019', '2025-03-26T14:51:39.658693+00:00', '2025-03-26T14:51:39.658693+00:00');
INSERT INTO "WordDistractors" ("Id", "WordId", "DistractorId", "CreatedAt", "UpdatedAt") 
                  VALUES ('9cde341c-b127-4f44-b805-fa5dc30fe18e', 'cb95a6e7-1f96-4ff4-928f-9871d008e22f', 'e4050678-a860-404b-800d-9e9da0fe8630', '2025-03-26T14:51:39.658693+00:00', '2025-03-26T14:51:39.658693+00:00');
INSERT INTO "WordDistractors" ("Id", "WordId", "DistractorId", "CreatedAt", "UpdatedAt") 
                  VALUES ('bf621b83-7ef1-4892-8636-44278258a78a', '813afbfc-740b-4f8b-9f29-06cafcdefe34', 'e93cc0fd-feff-4f1e-a465-f72d4c52e977', '2025-03-26T14:51:39.658693+00:00', '2025-03-26T14:51:39.658693+00:00');
INSERT INTO "WordDistractors" ("Id", "WordId", "DistractorId", "CreatedAt", "UpdatedAt") 
                  VALUES ('768bf534-ccf2-464f-adc9-cdcdc51ce902', '813afbfc-740b-4f8b-9f29-06cafcdefe34', 'f0416cbd-da65-49f6-afdd-c1cab536038b', '2025-03-26T14:51:39.658693+00:00', '2025-03-26T14:51:39.658693+00:00');
INSERT INTO "WordDistractors" ("Id", "WordId", "DistractorId", "CreatedAt", "UpdatedAt") 
                  VALUES ('d11b8d12-fc19-4caa-abb8-f9b6e1cad396', '813afbfc-740b-4f8b-9f29-06cafcdefe34', 'd3e8897c-c4e9-42de-840d-d8eff81f895e', '2025-03-26T14:51:39.658693+00:00', '2025-03-26T14:51:39.658693+00:00');
INSERT INTO "WordDistractors" ("Id", "WordId", "DistractorId", "CreatedAt", "UpdatedAt") 
                  VALUES ('f679be18-a7ff-47ad-bdba-dd73eea366bf', '8d5c4b82-d4d2-4799-baaa-7f84a51782a9', 'bfe71de9-b07e-4b5f-8e94-45c8a7cb6eae', '2025-03-26T14:51:39.658693+00:00', '2025-03-26T14:51:39.658693+00:00');
INSERT INTO "WordDistractors" ("Id", "WordId", "DistractorId", "CreatedAt", "UpdatedAt") 
                  VALUES ('bafabedb-6e85-4ef4-8e5d-4addb583fadc', '8d5c4b82-d4d2-4799-baaa-7f84a51782a9', '8e4d6616-8f21-4753-8483-bad3f8d45928', '2025-03-26T14:51:39.658693+00:00', '2025-03-26T14:51:39.658693+00:00');
INSERT INTO "WordDistractors" ("Id", "WordId", "DistractorId", "CreatedAt", "UpdatedAt") 
                  VALUES ('6115ae20-b885-4468-bb27-6399aeeaf715', '8d5c4b82-d4d2-4799-baaa-7f84a51782a9', 'cb95a6e7-1f96-4ff4-928f-9871d008e22f', '2025-03-26T14:51:39.658693+00:00', '2025-03-26T14:51:39.658693+00:00');
INSERT INTO "WordDistractors" ("Id", "WordId", "DistractorId", "CreatedAt", "UpdatedAt") 
                  VALUES ('5a81a5cb-982b-4d9b-a21f-bcf14ba914ec', 'e1f076e9-2ba2-4476-a7b1-92acf52cdfe2', 'f0416cbd-da65-49f6-afdd-c1cab536038b', '2025-03-26T14:51:39.658693+00:00', '2025-03-26T14:51:39.658693+00:00');
INSERT INTO "WordDistractors" ("Id", "WordId", "DistractorId", "CreatedAt", "UpdatedAt") 
                  VALUES ('abc8e6cf-32c9-468b-9952-10bdd9db0001', 'e1f076e9-2ba2-4476-a7b1-92acf52cdfe2', '94a24951-0429-4067-b7fb-0a2e6c550f8b', '2025-03-26T14:51:39.658693+00:00', '2025-03-26T14:51:39.658693+00:00');
INSERT INTO "WordDistractors" ("Id", "WordId", "DistractorId", "CreatedAt", "UpdatedAt") 
                  VALUES ('05a3e597-7342-4d6f-b466-dcbedd037d37', 'e1f076e9-2ba2-4476-a7b1-92acf52cdfe2', 'c49f9947-c905-43ae-8ea1-c33894e95daf', '2025-03-26T14:51:39.658693+00:00', '2025-03-26T14:51:39.658693+00:00');
INSERT INTO "WordDistractors" ("Id", "WordId", "DistractorId", "CreatedAt", "UpdatedAt") 
                  VALUES ('3ea652ad-aa83-4a9b-918d-d1823c823c09', '8e46a2ac-1c10-406e-b16f-5a9b5f11c41b', 'd3e8897c-c4e9-42de-840d-d8eff81f895e', '2025-03-26T14:51:39.658693+00:00', '2025-03-26T14:51:39.658693+00:00');
INSERT INTO "WordDistractors" ("Id", "WordId", "DistractorId", "CreatedAt", "UpdatedAt") 
                  VALUES ('512bcd27-1305-4319-94d7-29da44ce94c9', '8e46a2ac-1c10-406e-b16f-5a9b5f11c41b', '5062a48a-91a6-4441-9b2a-a80b4cccbacf', '2025-03-26T14:51:39.658693+00:00', '2025-03-26T14:51:39.658693+00:00');
INSERT INTO "WordDistractors" ("Id", "WordId", "DistractorId", "CreatedAt", "UpdatedAt") 
                  VALUES ('8458a4d6-ae5f-4eee-8cea-4df25f9be5ea', '8e46a2ac-1c10-406e-b16f-5a9b5f11c41b', '1dc6a8fd-fd94-49af-b2ce-b0ca5fc95246', '2025-03-26T14:51:39.658693+00:00', '2025-03-26T14:51:39.658693+00:00');
INSERT INTO "WordDistractors" ("Id", "WordId", "DistractorId", "CreatedAt", "UpdatedAt") 
                  VALUES ('8a1f2c88-c4fd-498e-b9d2-7586763f4a13', '37000bc4-1664-4874-b5fc-956c94d38406', '4dc23d2c-8924-4725-9395-36915ed2f531', '2025-03-26T14:51:39.658693+00:00', '2025-03-26T14:51:39.658693+00:00');
INSERT INTO "WordDistractors" ("Id", "WordId", "DistractorId", "CreatedAt", "UpdatedAt") 
                  VALUES ('1c5af106-1350-445f-97a2-24cdfc5d29a5', '37000bc4-1664-4874-b5fc-956c94d38406', 'f0416cbd-da65-49f6-afdd-c1cab536038b', '2025-03-26T14:51:39.658693+00:00', '2025-03-26T14:51:39.658693+00:00');
INSERT INTO "WordDistractors" ("Id", "WordId", "DistractorId", "CreatedAt", "UpdatedAt") 
                  VALUES ('a6025cce-3875-4fac-b2d1-f372e6573f12', '37000bc4-1664-4874-b5fc-956c94d38406', '114cf0f1-80b0-4cb1-aa3d-ac50595a0abd', '2025-03-26T14:51:39.658693+00:00', '2025-03-26T14:51:39.658693+00:00');
INSERT INTO "WordDistractors" ("Id", "WordId", "DistractorId", "CreatedAt", "UpdatedAt") 
                  VALUES ('687f031d-bd49-4abd-9204-34adfd08be98', '6951d129-5e53-4c2b-9524-bdbff9e07ab9', 'bfe71de9-b07e-4b5f-8e94-45c8a7cb6eae', '2025-03-26T14:51:39.658693+00:00', '2025-03-26T14:51:39.658693+00:00');
INSERT INTO "WordDistractors" ("Id", "WordId", "DistractorId", "CreatedAt", "UpdatedAt") 
                  VALUES ('5ffb2ef6-9afb-45e7-ac20-bd2338991389', '6951d129-5e53-4c2b-9524-bdbff9e07ab9', '8d5c4b82-d4d2-4799-baaa-7f84a51782a9', '2025-03-26T14:51:39.658693+00:00', '2025-03-26T14:51:39.658693+00:00');
INSERT INTO "WordDistractors" ("Id", "WordId", "DistractorId", "CreatedAt", "UpdatedAt") 
                  VALUES ('95ae1689-b0d1-43d3-9003-bb8ae6060be2', '6951d129-5e53-4c2b-9524-bdbff9e07ab9', 'ecb2a537-682e-4ead-80b3-9e90cfae2dde', '2025-03-26T14:51:39.658693+00:00', '2025-03-26T14:51:39.658693+00:00');
INSERT INTO "WordDistractors" ("Id", "WordId", "DistractorId", "CreatedAt", "UpdatedAt") 
                  VALUES ('6ff1b194-e8b6-48d1-8c71-c052441c88e1', '94a24951-0429-4067-b7fb-0a2e6c550f8b', '1dc6a8fd-fd94-49af-b2ce-b0ca5fc95246', '2025-03-26T14:51:39.658693+00:00', '2025-03-26T14:51:39.658693+00:00');
INSERT INTO "WordDistractors" ("Id", "WordId", "DistractorId", "CreatedAt", "UpdatedAt") 
                  VALUES ('660dfa35-f3d7-4f2d-812c-d5a31af4d110', '94a24951-0429-4067-b7fb-0a2e6c550f8b', 'e4050678-a860-404b-800d-9e9da0fe8630', '2025-03-26T14:51:39.658693+00:00', '2025-03-26T14:51:39.658693+00:00');
INSERT INTO "WordDistractors" ("Id", "WordId", "DistractorId", "CreatedAt", "UpdatedAt") 
                  VALUES ('4f3abed4-fc3a-423a-a7b2-cbb8dd773063', '94a24951-0429-4067-b7fb-0a2e6c550f8b', '2bad1b95-511e-41ba-94ae-06f501c9a349', '2025-03-26T14:51:39.658693+00:00', '2025-03-26T14:51:39.658693+00:00');
INSERT INTO "WordDistractors" ("Id", "WordId", "DistractorId", "CreatedAt", "UpdatedAt") 
                  VALUES ('e6730f17-dbe5-45f0-8436-0484902733cf', 'e7c494d4-5dd1-4718-bbac-9569fa3788ad', 'e015bca0-9231-446e-b186-84c18c359d81', '2025-03-26T14:51:39.658693+00:00', '2025-03-26T14:51:39.658693+00:00');
INSERT INTO "WordDistractors" ("Id", "WordId", "DistractorId", "CreatedAt", "UpdatedAt") 
                  VALUES ('cc46dd91-fcbf-4210-a31d-2a9e0ffdf4d5', 'e7c494d4-5dd1-4718-bbac-9569fa3788ad', '94a24951-0429-4067-b7fb-0a2e6c550f8b', '2025-03-26T14:51:39.658693+00:00', '2025-03-26T14:51:39.658693+00:00');
INSERT INTO "WordDistractors" ("Id", "WordId", "DistractorId", "CreatedAt", "UpdatedAt") 
                  VALUES ('12a04844-4dd3-49cc-b9ae-c7060066249f', 'e7c494d4-5dd1-4718-bbac-9569fa3788ad', '0296edc4-a316-44a8-8d72-22fb8cb9217f', '2025-03-26T14:51:39.658693+00:00', '2025-03-26T14:51:39.658693+00:00');
INSERT INTO "WordDistractors" ("Id", "WordId", "DistractorId", "CreatedAt", "UpdatedAt") 
                  VALUES ('205a14bb-653b-4177-a43c-0056d0425294', 'f81ae224-2999-42d0-94a3-3b459a705682', '06e18527-6238-4f04-ba69-c275872d678e', '2025-03-26T14:51:39.658693+00:00', '2025-03-26T14:51:39.658693+00:00');
INSERT INTO "WordDistractors" ("Id", "WordId", "DistractorId", "CreatedAt", "UpdatedAt") 
                  VALUES ('4feb1123-e20f-4762-aa91-520316659fdf', 'f81ae224-2999-42d0-94a3-3b459a705682', '8d5c4b82-d4d2-4799-baaa-7f84a51782a9', '2025-03-26T14:51:39.658693+00:00', '2025-03-26T14:51:39.658693+00:00');
INSERT INTO "WordDistractors" ("Id", "WordId", "DistractorId", "CreatedAt", "UpdatedAt") 
                  VALUES ('4c5efb6c-d3d6-42d2-a21b-204dab92a3c9', 'f81ae224-2999-42d0-94a3-3b459a705682', 'd3e8897c-c4e9-42de-840d-d8eff81f895e', '2025-03-26T14:51:39.658693+00:00', '2025-03-26T14:51:39.658693+00:00');
INSERT INTO "WordDistractors" ("Id", "WordId", "DistractorId", "CreatedAt", "UpdatedAt") 
                  VALUES ('245962c8-2415-4c04-a288-e7bc632c1628', 'e4050678-a860-404b-800d-9e9da0fe8630', '43702bb0-8ca2-4681-8f67-5c550548eaed', '2025-03-26T14:51:39.658693+00:00', '2025-03-26T14:51:39.658693+00:00');
INSERT INTO "WordDistractors" ("Id", "WordId", "DistractorId", "CreatedAt", "UpdatedAt") 
                  VALUES ('058bdc63-bf90-46c0-bb42-361e2c127703', 'e4050678-a860-404b-800d-9e9da0fe8630', '35ed6dd8-5975-4386-b804-9c940d5d6c25', '2025-03-26T14:51:39.658693+00:00', '2025-03-26T14:51:39.658693+00:00');
INSERT INTO "WordDistractors" ("Id", "WordId", "DistractorId", "CreatedAt", "UpdatedAt") 
                  VALUES ('4548ce8d-354a-42ff-8b85-cf12f67ed388', 'e4050678-a860-404b-800d-9e9da0fe8630', 'dbda550e-1a5f-430f-bc01-98e1fb3dfe33', '2025-03-26T14:51:39.658693+00:00', '2025-03-26T14:51:39.658693+00:00');
INSERT INTO "WordDistractors" ("Id", "WordId", "DistractorId", "CreatedAt", "UpdatedAt") 
                  VALUES ('09063e29-885b-4397-aa0d-29a76963022a', '768eddd8-9e4e-4c86-961b-dac970b38bec', 'dbda550e-1a5f-430f-bc01-98e1fb3dfe33', '2025-03-26T14:51:39.658693+00:00', '2025-03-26T14:51:39.658693+00:00');
INSERT INTO "WordDistractors" ("Id", "WordId", "DistractorId", "CreatedAt", "UpdatedAt") 
                  VALUES ('7136d2b2-9359-4337-9a13-d56da8b32857', '768eddd8-9e4e-4c86-961b-dac970b38bec', '43702bb0-8ca2-4681-8f67-5c550548eaed', '2025-03-26T14:51:39.658693+00:00', '2025-03-26T14:51:39.658693+00:00');
INSERT INTO "WordDistractors" ("Id", "WordId", "DistractorId", "CreatedAt", "UpdatedAt") 
                  VALUES ('7dda8a7b-689c-48bb-94c2-895849a4e75a', '768eddd8-9e4e-4c86-961b-dac970b38bec', 'd8ac56be-0d22-44f6-8466-82a715c11de7', '2025-03-26T14:51:39.658693+00:00', '2025-03-26T14:51:39.658693+00:00');
INSERT INTO "WordDistractors" ("Id", "WordId", "DistractorId", "CreatedAt", "UpdatedAt") 
                  VALUES ('2266a503-4c44-4266-96f1-cd2ac8dc6fdb', '4dc23d2c-8924-4725-9395-36915ed2f531', 'd3e8897c-c4e9-42de-840d-d8eff81f895e', '2025-03-26T14:51:39.658693+00:00', '2025-03-26T14:51:39.658693+00:00');
INSERT INTO "WordDistractors" ("Id", "WordId", "DistractorId", "CreatedAt", "UpdatedAt") 
                  VALUES ('de8d0808-e055-4333-b6c0-ec7919aa68f3', '4dc23d2c-8924-4725-9395-36915ed2f531', 'a4d24575-b573-4ec0-b06f-066561375108', '2025-03-26T14:51:39.658693+00:00', '2025-03-26T14:51:39.658693+00:00');
INSERT INTO "WordDistractors" ("Id", "WordId", "DistractorId", "CreatedAt", "UpdatedAt") 
                  VALUES ('5f08835f-3d82-43c1-b64c-1b9afae784c2', '4dc23d2c-8924-4725-9395-36915ed2f531', '70614a54-57d1-4051-b31d-f09de31e90dc', '2025-03-26T14:51:39.658693+00:00', '2025-03-26T14:51:39.658693+00:00');
INSERT INTO "WordDistractors" ("Id", "WordId", "DistractorId", "CreatedAt", "UpdatedAt") 
                  VALUES ('208d2d64-9d62-4352-8dbd-912db4950650', 'f462fcd6-540e-4d35-bdaa-bca5ab99a363', 'd14bdc6b-2724-4ad0-888e-56ed4a441a39', '2025-03-26T14:51:39.658693+00:00', '2025-03-26T14:51:39.658693+00:00');
INSERT INTO "WordDistractors" ("Id", "WordId", "DistractorId", "CreatedAt", "UpdatedAt") 
                  VALUES ('84a9d37d-af1d-401e-b1c9-5cd453fb8dcc', 'f462fcd6-540e-4d35-bdaa-bca5ab99a363', '5062a48a-91a6-4441-9b2a-a80b4cccbacf', '2025-03-26T14:51:39.658693+00:00', '2025-03-26T14:51:39.658693+00:00');
INSERT INTO "WordDistractors" ("Id", "WordId", "DistractorId", "CreatedAt", "UpdatedAt") 
                  VALUES ('e81acd33-d0c6-478d-9057-d145c9ea0506', 'f462fcd6-540e-4d35-bdaa-bca5ab99a363', '2bad1b95-511e-41ba-94ae-06f501c9a349', '2025-03-26T14:51:39.658693+00:00', '2025-03-26T14:51:39.658693+00:00');
INSERT INTO "WordDistractors" ("Id", "WordId", "DistractorId", "CreatedAt", "UpdatedAt") 
                  VALUES ('199e7942-84ac-4840-ac69-2aa76e28d8ab', 'c49f9947-c905-43ae-8ea1-c33894e95daf', '0f9144cb-174d-43a1-87ef-500c6465a25d', '2025-03-26T14:51:39.658693+00:00', '2025-03-26T14:51:39.658693+00:00');
INSERT INTO "WordDistractors" ("Id", "WordId", "DistractorId", "CreatedAt", "UpdatedAt") 
                  VALUES ('2d2ff009-e426-4402-a797-e83336649026', 'c49f9947-c905-43ae-8ea1-c33894e95daf', '8e46a2ac-1c10-406e-b16f-5a9b5f11c41b', '2025-03-26T14:51:39.658693+00:00', '2025-03-26T14:51:39.658693+00:00');
INSERT INTO "WordDistractors" ("Id", "WordId", "DistractorId", "CreatedAt", "UpdatedAt") 
                  VALUES ('9d7b1c89-fa8d-434d-8e13-8b8bfe778242', 'c49f9947-c905-43ae-8ea1-c33894e95daf', '813afbfc-740b-4f8b-9f29-06cafcdefe34', '2025-03-26T14:51:39.658693+00:00', '2025-03-26T14:51:39.658693+00:00');
INSERT INTO "WordDistractors" ("Id", "WordId", "DistractorId", "CreatedAt", "UpdatedAt") 
                  VALUES ('bb2b0940-3df9-4fae-8e04-285efb732662', '0f9144cb-174d-43a1-87ef-500c6465a25d', '128890ce-5e1f-4eba-a05d-b8215a750019', '2025-03-26T14:51:39.658693+00:00', '2025-03-26T14:51:39.658693+00:00');
INSERT INTO "WordDistractors" ("Id", "WordId", "DistractorId", "CreatedAt", "UpdatedAt") 
                  VALUES ('6ca95f2f-d0e9-49df-bd2c-defd6043317c', '0f9144cb-174d-43a1-87ef-500c6465a25d', 'ecb2a537-682e-4ead-80b3-9e90cfae2dde', '2025-03-26T14:51:39.658693+00:00', '2025-03-26T14:51:39.658693+00:00');
INSERT INTO "WordDistractors" ("Id", "WordId", "DistractorId", "CreatedAt", "UpdatedAt") 
                  VALUES ('9c842be5-060d-493e-aadd-ea294977a187', '0f9144cb-174d-43a1-87ef-500c6465a25d', '94a24951-0429-4067-b7fb-0a2e6c550f8b', '2025-03-26T14:51:39.658693+00:00', '2025-03-26T14:51:39.658693+00:00');
INSERT INTO "WordDistractors" ("Id", "WordId", "DistractorId", "CreatedAt", "UpdatedAt") 
                  VALUES ('fc932fbe-d103-4066-919a-f1ce7e225bdf', 'f0416cbd-da65-49f6-afdd-c1cab536038b', '8e4d6616-8f21-4753-8483-bad3f8d45928', '2025-03-26T14:51:39.658693+00:00', '2025-03-26T14:51:39.658693+00:00');
INSERT INTO "WordDistractors" ("Id", "WordId", "DistractorId", "CreatedAt", "UpdatedAt") 
                  VALUES ('2e6bea50-d2ea-4f3c-905f-3e1ea147ca60', 'f0416cbd-da65-49f6-afdd-c1cab536038b', '2bad1b95-511e-41ba-94ae-06f501c9a349', '2025-03-26T14:51:39.658693+00:00', '2025-03-26T14:51:39.658693+00:00');
INSERT INTO "WordDistractors" ("Id", "WordId", "DistractorId", "CreatedAt", "UpdatedAt") 
                  VALUES ('b8cf1cb3-a03e-45ff-9de8-e1eacaf9ff68', 'f0416cbd-da65-49f6-afdd-c1cab536038b', 'd500034f-9465-4b30-96ca-02fefd12fc67', '2025-03-26T14:51:39.658693+00:00', '2025-03-26T14:51:39.658693+00:00');
INSERT INTO "WordDistractors" ("Id", "WordId", "DistractorId", "CreatedAt", "UpdatedAt") 
                  VALUES ('df990b46-f282-4afd-b352-09f3b7cdf248', '14dcaff6-574e-4ad9-a985-f9e6f8ef1264', '2bad1b95-511e-41ba-94ae-06f501c9a349', '2025-03-26T14:51:39.658693+00:00', '2025-03-26T14:51:39.658693+00:00');
INSERT INTO "WordDistractors" ("Id", "WordId", "DistractorId", "CreatedAt", "UpdatedAt") 
                  VALUES ('d56af7e0-b06e-4a5e-b499-95ac356f6831', '14dcaff6-574e-4ad9-a985-f9e6f8ef1264', 'ecb2a537-682e-4ead-80b3-9e90cfae2dde', '2025-03-26T14:51:39.658693+00:00', '2025-03-26T14:51:39.658693+00:00');
INSERT INTO "WordDistractors" ("Id", "WordId", "DistractorId", "CreatedAt", "UpdatedAt") 
                  VALUES ('5ff0ffa1-4287-49d6-9901-0b3b4c5c8139', '14dcaff6-574e-4ad9-a985-f9e6f8ef1264', 'd8ac56be-0d22-44f6-8466-82a715c11de7', '2025-03-26T14:51:39.658693+00:00', '2025-03-26T14:51:39.658693+00:00');
INSERT INTO "WordDistractors" ("Id", "WordId", "DistractorId", "CreatedAt", "UpdatedAt") 
                  VALUES ('ea5ef9c1-aca7-4a11-b6e5-f3f5bd0e7658', 'dc9bfd4e-ddae-4789-818b-db611b2eab15', 'f81ae224-2999-42d0-94a3-3b459a705682', '2025-03-26T14:51:39.658693+00:00', '2025-03-26T14:51:39.658693+00:00');
INSERT INTO "WordDistractors" ("Id", "WordId", "DistractorId", "CreatedAt", "UpdatedAt") 
                  VALUES ('78fc89bd-1c4d-454c-ac05-2847232ed3db', 'dc9bfd4e-ddae-4789-818b-db611b2eab15', '0c56d9d0-7c82-4b62-9898-843f115a0f44', '2025-03-26T14:51:39.658693+00:00', '2025-03-26T14:51:39.658693+00:00');
INSERT INTO "WordDistractors" ("Id", "WordId", "DistractorId", "CreatedAt", "UpdatedAt") 
                  VALUES ('2e3542cb-e55f-4be4-b627-f13775884c6f', 'dc9bfd4e-ddae-4789-818b-db611b2eab15', 'dbda550e-1a5f-430f-bc01-98e1fb3dfe33', '2025-03-26T14:51:39.658693+00:00', '2025-03-26T14:51:39.658693+00:00');
INSERT INTO "WordDistractors" ("Id", "WordId", "DistractorId", "CreatedAt", "UpdatedAt") 
                  VALUES ('a1b09b14-03a5-4c4a-8b95-150e97a45559', '823e41cd-daea-4615-8a32-50748383115d', 'a0b86ed5-04e1-4f0b-8a7a-95a400f56acb', '2025-03-26T14:51:39.658693+00:00', '2025-03-26T14:51:39.658693+00:00');
INSERT INTO "WordDistractors" ("Id", "WordId", "DistractorId", "CreatedAt", "UpdatedAt") 
                  VALUES ('51786db5-74ba-4c4d-b0c7-b64a7ffdf137', '823e41cd-daea-4615-8a32-50748383115d', '43702bb0-8ca2-4681-8f67-5c550548eaed', '2025-03-26T14:51:39.658693+00:00', '2025-03-26T14:51:39.658693+00:00');
INSERT INTO "WordDistractors" ("Id", "WordId", "DistractorId", "CreatedAt", "UpdatedAt") 
                  VALUES ('3243547d-75a6-447e-8eb9-ace3a2b9d8ac', '823e41cd-daea-4615-8a32-50748383115d', '70614a54-57d1-4051-b31d-f09de31e90dc', '2025-03-26T14:51:39.658693+00:00', '2025-03-26T14:51:39.658693+00:00');
INSERT INTO "WordDistractors" ("Id", "WordId", "DistractorId", "CreatedAt", "UpdatedAt") 
                  VALUES ('ee997675-f50f-4a11-a9c2-d57e00e90fc0', '8e4d6616-8f21-4753-8483-bad3f8d45928', 'd14bdc6b-2724-4ad0-888e-56ed4a441a39', '2025-03-26T14:51:39.658693+00:00', '2025-03-26T14:51:39.658693+00:00');
INSERT INTO "WordDistractors" ("Id", "WordId", "DistractorId", "CreatedAt", "UpdatedAt") 
                  VALUES ('bab02d71-6ec3-4ab5-ba0c-292860fd36b5', '8e4d6616-8f21-4753-8483-bad3f8d45928', 'f0416cbd-da65-49f6-afdd-c1cab536038b', '2025-03-26T14:51:39.658693+00:00', '2025-03-26T14:51:39.658693+00:00');
INSERT INTO "WordDistractors" ("Id", "WordId", "DistractorId", "CreatedAt", "UpdatedAt") 
                  VALUES ('ea8b4fbd-cacd-49b1-a509-c1104020c9a8', '8e4d6616-8f21-4753-8483-bad3f8d45928', 'd70f4a4e-5e00-4cd7-b449-112868047216', '2025-03-26T14:51:39.658693+00:00', '2025-03-26T14:51:39.658693+00:00');
INSERT INTO "WordDistractors" ("Id", "WordId", "DistractorId", "CreatedAt", "UpdatedAt") 
                  VALUES ('8ef6a23d-51b9-4881-ba26-36854d9eb7fa', 'd500034f-9465-4b30-96ca-02fefd12fc67', '8e46a2ac-1c10-406e-b16f-5a9b5f11c41b', '2025-03-26T14:51:39.658693+00:00', '2025-03-26T14:51:39.658693+00:00');
INSERT INTO "WordDistractors" ("Id", "WordId", "DistractorId", "CreatedAt", "UpdatedAt") 
                  VALUES ('318766e0-cca9-4cf0-a938-8f5f656e98b4', 'd500034f-9465-4b30-96ca-02fefd12fc67', 'cb95a6e7-1f96-4ff4-928f-9871d008e22f', '2025-03-26T14:51:39.658693+00:00', '2025-03-26T14:51:39.658693+00:00');
INSERT INTO "WordDistractors" ("Id", "WordId", "DistractorId", "CreatedAt", "UpdatedAt") 
                  VALUES ('6d702bf2-be6b-4540-8109-6ba03bdd0c22', 'd500034f-9465-4b30-96ca-02fefd12fc67', 'e4050678-a860-404b-800d-9e9da0fe8630', '2025-03-26T14:51:39.658693+00:00', '2025-03-26T14:51:39.658693+00:00');
INSERT INTO "WordDistractors" ("Id", "WordId", "DistractorId", "CreatedAt", "UpdatedAt") 
                  VALUES ('de7f74e6-1028-4c4e-90d9-379f684c2a1c', '5062a48a-91a6-4441-9b2a-a80b4cccbacf', '8050cfe6-2055-4440-a7d9-fa5fc9d0e21c', '2025-03-26T14:51:39.658693+00:00', '2025-03-26T14:51:39.658693+00:00');
INSERT INTO "WordDistractors" ("Id", "WordId", "DistractorId", "CreatedAt", "UpdatedAt") 
                  VALUES ('2a8d61b9-a1e8-4ec6-adef-53cd6885c5ff', '5062a48a-91a6-4441-9b2a-a80b4cccbacf', 'f462fcd6-540e-4d35-bdaa-bca5ab99a363', '2025-03-26T14:51:39.658693+00:00', '2025-03-26T14:51:39.658693+00:00');
INSERT INTO "WordDistractors" ("Id", "WordId", "DistractorId", "CreatedAt", "UpdatedAt") 
                  VALUES ('94e3d24e-53fc-420b-b58f-842314f2206a', '5062a48a-91a6-4441-9b2a-a80b4cccbacf', '34f36160-3b94-4879-95f5-ade2da880298', '2025-03-26T14:51:39.658693+00:00', '2025-03-26T14:51:39.658693+00:00');
INSERT INTO "WordDistractors" ("Id", "WordId", "DistractorId", "CreatedAt", "UpdatedAt") 
                  VALUES ('9c523b20-4a85-4dac-9f62-7a37ae58e626', 'e015bca0-9231-446e-b186-84c18c359d81', '4dc23d2c-8924-4725-9395-36915ed2f531', '2025-03-26T14:51:39.658693+00:00', '2025-03-26T14:51:39.658693+00:00');
INSERT INTO "WordDistractors" ("Id", "WordId", "DistractorId", "CreatedAt", "UpdatedAt") 
                  VALUES ('86de94aa-6f61-4a1a-8442-d1c8992cc5de', 'e015bca0-9231-446e-b186-84c18c359d81', '0c56d9d0-7c82-4b62-9898-843f115a0f44', '2025-03-26T14:51:39.658693+00:00', '2025-03-26T14:51:39.658693+00:00');
INSERT INTO "WordDistractors" ("Id", "WordId", "DistractorId", "CreatedAt", "UpdatedAt") 
                  VALUES ('a4d05d34-60d0-4a1f-ae46-edc38e3855e7', 'e015bca0-9231-446e-b186-84c18c359d81', '5062a48a-91a6-4441-9b2a-a80b4cccbacf', '2025-03-26T14:51:39.658693+00:00', '2025-03-26T14:51:39.658693+00:00');
INSERT INTO "WordDistractors" ("Id", "WordId", "DistractorId", "CreatedAt", "UpdatedAt") 
                  VALUES ('1b1723c9-51e8-42cb-a847-072b7fbe1105', '128890ce-5e1f-4eba-a05d-b8215a750019', '5062a48a-91a6-4441-9b2a-a80b4cccbacf', '2025-03-26T14:51:39.658693+00:00', '2025-03-26T14:51:39.658693+00:00');
INSERT INTO "WordDistractors" ("Id", "WordId", "DistractorId", "CreatedAt", "UpdatedAt") 
                  VALUES ('453b1750-a954-45b5-82a2-4b8622878dbf', '128890ce-5e1f-4eba-a05d-b8215a750019', '8e4d6616-8f21-4753-8483-bad3f8d45928', '2025-03-26T14:51:39.658693+00:00', '2025-03-26T14:51:39.658693+00:00');
INSERT INTO "WordDistractors" ("Id", "WordId", "DistractorId", "CreatedAt", "UpdatedAt") 
                  VALUES ('92a79e9b-31bf-450b-8417-d38d600aaa7a', '128890ce-5e1f-4eba-a05d-b8215a750019', '768eddd8-9e4e-4c86-961b-dac970b38bec', '2025-03-26T14:51:39.658693+00:00', '2025-03-26T14:51:39.658693+00:00');
INSERT INTO "WordDistractors" ("Id", "WordId", "DistractorId", "CreatedAt", "UpdatedAt") 
                  VALUES ('bcfa7496-1ec5-4006-888d-cbf6c7e57233', '65b81d26-e0dc-471e-9fcf-374f08170a08', '1dc6a8fd-fd94-49af-b2ce-b0ca5fc95246', '2025-03-26T14:51:39.658693+00:00', '2025-03-26T14:51:39.658693+00:00');
INSERT INTO "WordDistractors" ("Id", "WordId", "DistractorId", "CreatedAt", "UpdatedAt") 
                  VALUES ('56ead23d-40f0-42a6-a8e2-fac4c7d0c5f5', '65b81d26-e0dc-471e-9fcf-374f08170a08', 'd70f4a4e-5e00-4cd7-b449-112868047216', '2025-03-26T14:51:39.658693+00:00', '2025-03-26T14:51:39.658693+00:00');
INSERT INTO "WordDistractors" ("Id", "WordId", "DistractorId", "CreatedAt", "UpdatedAt") 
                  VALUES ('48f8eccd-1991-4bb0-98be-41347ce45b38', '65b81d26-e0dc-471e-9fcf-374f08170a08', '0c56d9d0-7c82-4b62-9898-843f115a0f44', '2025-03-26T14:51:39.658693+00:00', '2025-03-26T14:51:39.658693+00:00');
INSERT INTO "WordDistractors" ("Id", "WordId", "DistractorId", "CreatedAt", "UpdatedAt") 
                  VALUES ('12b74094-5fd2-458d-8fc8-1727d8ef877a', 'bfe71de9-b07e-4b5f-8e94-45c8a7cb6eae', 'd14bdc6b-2724-4ad0-888e-56ed4a441a39', '2025-03-26T14:51:39.658693+00:00', '2025-03-26T14:51:39.658693+00:00');
INSERT INTO "WordDistractors" ("Id", "WordId", "DistractorId", "CreatedAt", "UpdatedAt") 
                  VALUES ('0e2dbeb8-4945-48c9-bb84-8f154b55dea2', 'bfe71de9-b07e-4b5f-8e94-45c8a7cb6eae', 'a0b86ed5-04e1-4f0b-8a7a-95a400f56acb', '2025-03-26T14:51:39.658693+00:00', '2025-03-26T14:51:39.658693+00:00');
INSERT INTO "WordDistractors" ("Id", "WordId", "DistractorId", "CreatedAt", "UpdatedAt") 
                  VALUES ('58852045-fae6-46da-8960-85204eeab33e', 'bfe71de9-b07e-4b5f-8e94-45c8a7cb6eae', '8e46a2ac-1c10-406e-b16f-5a9b5f11c41b', '2025-03-26T14:51:39.658693+00:00', '2025-03-26T14:51:39.658693+00:00');
INSERT INTO "WordDistractors" ("Id", "WordId", "DistractorId", "CreatedAt", "UpdatedAt") 
                  VALUES ('e44644a2-7873-43ee-9089-7df08b006b3f', '34f36160-3b94-4879-95f5-ade2da880298', 'f81ae224-2999-42d0-94a3-3b459a705682', '2025-03-26T14:51:39.658693+00:00', '2025-03-26T14:51:39.658693+00:00');
INSERT INTO "WordDistractors" ("Id", "WordId", "DistractorId", "CreatedAt", "UpdatedAt") 
                  VALUES ('56d39aa6-b89a-44dd-a525-5edab893afd0', '34f36160-3b94-4879-95f5-ade2da880298', 'e4050678-a860-404b-800d-9e9da0fe8630', '2025-03-26T14:51:39.658693+00:00', '2025-03-26T14:51:39.658693+00:00');
INSERT INTO "WordDistractors" ("Id", "WordId", "DistractorId", "CreatedAt", "UpdatedAt") 
                  VALUES ('75bb3cd1-c7d3-4824-8383-3176940a1977', '34f36160-3b94-4879-95f5-ade2da880298', 'cb95a6e7-1f96-4ff4-928f-9871d008e22f', '2025-03-26T14:51:39.658693+00:00', '2025-03-26T14:51:39.658693+00:00');
INSERT INTO "WordDistractors" ("Id", "WordId", "DistractorId", "CreatedAt", "UpdatedAt") 
                  VALUES ('24a11f5f-79ea-43b3-b909-58d69b75a834', 'd70f4a4e-5e00-4cd7-b449-112868047216', 'c49f9947-c905-43ae-8ea1-c33894e95daf', '2025-03-26T14:51:39.658693+00:00', '2025-03-26T14:51:39.658693+00:00');
INSERT INTO "WordDistractors" ("Id", "WordId", "DistractorId", "CreatedAt", "UpdatedAt") 
                  VALUES ('4a7f82ff-c8d8-4a56-986f-1675eb1c89a4', 'd70f4a4e-5e00-4cd7-b449-112868047216', '43702bb0-8ca2-4681-8f67-5c550548eaed', '2025-03-26T14:51:39.658693+00:00', '2025-03-26T14:51:39.658693+00:00');
INSERT INTO "WordDistractors" ("Id", "WordId", "DistractorId", "CreatedAt", "UpdatedAt") 
                  VALUES ('94fb2aee-4e04-4913-83cb-99bcd881b356', 'd70f4a4e-5e00-4cd7-b449-112868047216', 'ecb2a537-682e-4ead-80b3-9e90cfae2dde', '2025-03-26T14:51:39.658693+00:00', '2025-03-26T14:51:39.658693+00:00');
INSERT INTO "WordDistractors" ("Id", "WordId", "DistractorId", "CreatedAt", "UpdatedAt") 
                  VALUES ('15fd981c-62c9-4c5a-8553-87d9267905ba', 'a0b86ed5-04e1-4f0b-8a7a-95a400f56acb', 'd70f4a4e-5e00-4cd7-b449-112868047216', '2025-03-26T14:51:39.658693+00:00', '2025-03-26T14:51:39.658693+00:00');
INSERT INTO "WordDistractors" ("Id", "WordId", "DistractorId", "CreatedAt", "UpdatedAt") 
                  VALUES ('1fa5a825-66d2-4687-b8e2-da750a702948', 'a0b86ed5-04e1-4f0b-8a7a-95a400f56acb', 'e015bca0-9231-446e-b186-84c18c359d81', '2025-03-26T14:51:39.658693+00:00', '2025-03-26T14:51:39.658693+00:00');
INSERT INTO "WordDistractors" ("Id", "WordId", "DistractorId", "CreatedAt", "UpdatedAt") 
                  VALUES ('038986ca-2cfc-4797-8c9e-bf45ac739729', 'a0b86ed5-04e1-4f0b-8a7a-95a400f56acb', '65b81d26-e0dc-471e-9fcf-374f08170a08', '2025-03-26T14:51:39.658693+00:00', '2025-03-26T14:51:39.658693+00:00');
INSERT INTO "WordDistractors" ("Id", "WordId", "DistractorId", "CreatedAt", "UpdatedAt") 
                  VALUES ('b3a98c1e-5bb1-4956-a996-58b4fa770297', 'dbda550e-1a5f-430f-bc01-98e1fb3dfe33', 'c49f9947-c905-43ae-8ea1-c33894e95daf', '2025-03-26T14:51:39.658693+00:00', '2025-03-26T14:51:39.658693+00:00');
INSERT INTO "WordDistractors" ("Id", "WordId", "DistractorId", "CreatedAt", "UpdatedAt") 
                  VALUES ('a7e8dd06-2bce-4fc7-98af-cf607ea008a3', 'dbda550e-1a5f-430f-bc01-98e1fb3dfe33', 'f81ae224-2999-42d0-94a3-3b459a705682', '2025-03-26T14:51:39.658693+00:00', '2025-03-26T14:51:39.658693+00:00');
INSERT INTO "WordDistractors" ("Id", "WordId", "DistractorId", "CreatedAt", "UpdatedAt") 
                  VALUES ('6fd67d69-9cb7-40d4-a182-72b3d55955ee', 'dbda550e-1a5f-430f-bc01-98e1fb3dfe33', '6951d129-5e53-4c2b-9524-bdbff9e07ab9', '2025-03-26T14:51:39.658693+00:00', '2025-03-26T14:51:39.658693+00:00');
INSERT INTO "WordDistractors" ("Id", "WordId", "DistractorId", "CreatedAt", "UpdatedAt") 
                  VALUES ('6c66306f-2b7a-432e-98be-df5ab224e039', 'd14bdc6b-2724-4ad0-888e-56ed4a441a39', 'e4050678-a860-404b-800d-9e9da0fe8630', '2025-03-26T14:51:39.658693+00:00', '2025-03-26T14:51:39.658693+00:00');
INSERT INTO "WordDistractors" ("Id", "WordId", "DistractorId", "CreatedAt", "UpdatedAt") 
                  VALUES ('923cef12-5f6d-4c01-b2be-20fc720c4a86', 'd14bdc6b-2724-4ad0-888e-56ed4a441a39', 'f0416cbd-da65-49f6-afdd-c1cab536038b', '2025-03-26T14:51:39.658693+00:00', '2025-03-26T14:51:39.658693+00:00');
INSERT INTO "WordDistractors" ("Id", "WordId", "DistractorId", "CreatedAt", "UpdatedAt") 
                  VALUES ('a7d35a88-0380-4d0a-993b-35aa1b749c8f', 'd14bdc6b-2724-4ad0-888e-56ed4a441a39', '4dc23d2c-8924-4725-9395-36915ed2f531', '2025-03-26T14:51:39.658693+00:00', '2025-03-26T14:51:39.658693+00:00');
INSERT INTO "WordDistractors" ("Id", "WordId", "DistractorId", "CreatedAt", "UpdatedAt") 
                  VALUES ('3c12b5a2-b6ee-426f-a774-9ceed5ddb1e0', '0296edc4-a316-44a8-8d72-22fb8cb9217f', 'e7c494d4-5dd1-4718-bbac-9569fa3788ad', '2025-03-26T14:51:39.658693+00:00', '2025-03-26T14:51:39.658693+00:00');
INSERT INTO "WordDistractors" ("Id", "WordId", "DistractorId", "CreatedAt", "UpdatedAt") 
                  VALUES ('a955d6c6-eb22-4320-a454-28ac87af50a3', '0296edc4-a316-44a8-8d72-22fb8cb9217f', 'a4d24575-b573-4ec0-b06f-066561375108', '2025-03-26T14:51:39.658693+00:00', '2025-03-26T14:51:39.658693+00:00');
INSERT INTO "WordDistractors" ("Id", "WordId", "DistractorId", "CreatedAt", "UpdatedAt") 
                  VALUES ('2c2cf881-d28c-43e6-8781-f945060a9af3', '0296edc4-a316-44a8-8d72-22fb8cb9217f', 'c49f9947-c905-43ae-8ea1-c33894e95daf', '2025-03-26T14:51:39.658693+00:00', '2025-03-26T14:51:39.658693+00:00');
INSERT INTO "WordDistractors" ("Id", "WordId", "DistractorId", "CreatedAt", "UpdatedAt") 
                  VALUES ('a249b86e-087e-47c5-9c54-d137e0febf18', 'd8ac56be-0d22-44f6-8466-82a715c11de7', 'd52aca5d-c86f-43db-8c32-de93addf7c85', '2025-03-26T14:51:39.658693+00:00', '2025-03-26T14:51:39.658693+00:00');
INSERT INTO "WordDistractors" ("Id", "WordId", "DistractorId", "CreatedAt", "UpdatedAt") 
                  VALUES ('012f52a9-9994-4c40-980c-8a76e71d3f11', 'd8ac56be-0d22-44f6-8466-82a715c11de7', '0296edc4-a316-44a8-8d72-22fb8cb9217f', '2025-03-26T14:51:39.658693+00:00', '2025-03-26T14:51:39.658693+00:00');
INSERT INTO "WordDistractors" ("Id", "WordId", "DistractorId", "CreatedAt", "UpdatedAt") 
                  VALUES ('d8168dce-4e5c-4afb-99a9-22e2ac9c101e', 'd8ac56be-0d22-44f6-8466-82a715c11de7', 'cb95a6e7-1f96-4ff4-928f-9871d008e22f', '2025-03-26T14:51:39.658693+00:00', '2025-03-26T14:51:39.658693+00:00');
INSERT INTO "WordDistractors" ("Id", "WordId", "DistractorId", "CreatedAt", "UpdatedAt") 
                  VALUES ('68f77dd6-f126-47ec-a6ab-b68f5e1f19a9', '6c958722-0a68-4495-815c-c5a7b6135662', '8f519f3a-105d-4fc3-9f75-fe0161424336', '2025-03-26T14:51:39.658693+00:00', '2025-03-26T14:51:39.658693+00:00');
INSERT INTO "WordDistractors" ("Id", "WordId", "DistractorId", "CreatedAt", "UpdatedAt") 
                  VALUES ('4e5e1484-5312-440a-b495-8ec2f178eb94', '6c958722-0a68-4495-815c-c5a7b6135662', 'e93cc0fd-feff-4f1e-a465-f72d4c52e977', '2025-03-26T14:51:39.658693+00:00', '2025-03-26T14:51:39.658693+00:00');
INSERT INTO "WordDistractors" ("Id", "WordId", "DistractorId", "CreatedAt", "UpdatedAt") 
                  VALUES ('3d82e7ad-ddc6-4d58-a055-79e85f2022d4', '6c958722-0a68-4495-815c-c5a7b6135662', '6951d129-5e53-4c2b-9524-bdbff9e07ab9', '2025-03-26T14:51:39.658693+00:00', '2025-03-26T14:51:39.658693+00:00');
INSERT INTO "WordDistractors" ("Id", "WordId", "DistractorId", "CreatedAt", "UpdatedAt") 
                  VALUES ('cbe5001c-6c7c-416d-a34c-d9c0042a1a41', '8f519f3a-105d-4fc3-9f75-fe0161424336', 'd70f4a4e-5e00-4cd7-b449-112868047216', '2025-03-26T14:51:39.658693+00:00', '2025-03-26T14:51:39.658693+00:00');
INSERT INTO "WordDistractors" ("Id", "WordId", "DistractorId", "CreatedAt", "UpdatedAt") 
                  VALUES ('c0284688-7f7a-44e7-b677-e961af36a435', '8f519f3a-105d-4fc3-9f75-fe0161424336', 'dc9bfd4e-ddae-4789-818b-db611b2eab15', '2025-03-26T14:51:39.658693+00:00', '2025-03-26T14:51:39.658693+00:00');
INSERT INTO "WordDistractors" ("Id", "WordId", "DistractorId", "CreatedAt", "UpdatedAt") 
                  VALUES ('2dafaa8b-5245-47b9-bc09-8a71d27f9471', '8f519f3a-105d-4fc3-9f75-fe0161424336', '70614a54-57d1-4051-b31d-f09de31e90dc', '2025-03-26T14:51:39.658693+00:00', '2025-03-26T14:51:39.658693+00:00');
INSERT INTO "WordDistractors" ("Id", "WordId", "DistractorId", "CreatedAt", "UpdatedAt") 
                  VALUES ('b94e0aac-ece9-4fbb-926f-46e08e82551f', '43702bb0-8ca2-4681-8f67-5c550548eaed', 'e4050678-a860-404b-800d-9e9da0fe8630', '2025-03-26T14:51:39.658693+00:00', '2025-03-26T14:51:39.658693+00:00');
INSERT INTO "WordDistractors" ("Id", "WordId", "DistractorId", "CreatedAt", "UpdatedAt") 
                  VALUES ('6ba06432-c7a5-4542-ab47-15caa0754418', '43702bb0-8ca2-4681-8f67-5c550548eaed', 'd8ac56be-0d22-44f6-8466-82a715c11de7', '2025-03-26T14:51:39.658693+00:00', '2025-03-26T14:51:39.658693+00:00');
INSERT INTO "WordDistractors" ("Id", "WordId", "DistractorId", "CreatedAt", "UpdatedAt") 
                  VALUES ('88623ebb-df44-4e98-abe1-95adff491d0f', '43702bb0-8ca2-4681-8f67-5c550548eaed', '8050cfe6-2055-4440-a7d9-fa5fc9d0e21c', '2025-03-26T14:51:39.658693+00:00', '2025-03-26T14:51:39.658693+00:00');
INSERT INTO "WordDistractors" ("Id", "WordId", "DistractorId", "CreatedAt", "UpdatedAt") 
                  VALUES ('7a97c97b-95fa-461e-8190-a906059a1067', '70614a54-57d1-4051-b31d-f09de31e90dc', 'c49f9947-c905-43ae-8ea1-c33894e95daf', '2025-03-26T14:51:39.658693+00:00', '2025-03-26T14:51:39.658693+00:00');
INSERT INTO "WordDistractors" ("Id", "WordId", "DistractorId", "CreatedAt", "UpdatedAt") 
                  VALUES ('e9627dfb-58c0-4cf9-b25c-b6192cc64125', '70614a54-57d1-4051-b31d-f09de31e90dc', 'e4050678-a860-404b-800d-9e9da0fe8630', '2025-03-26T14:51:39.658693+00:00', '2025-03-26T14:51:39.658693+00:00');
INSERT INTO "WordDistractors" ("Id", "WordId", "DistractorId", "CreatedAt", "UpdatedAt") 
                  VALUES ('0dd715ad-3215-413b-88dd-88f01c91a2c3', '70614a54-57d1-4051-b31d-f09de31e90dc', '5062a48a-91a6-4441-9b2a-a80b4cccbacf', '2025-03-26T14:51:39.658693+00:00', '2025-03-26T14:51:39.658693+00:00');
INSERT INTO "WordDistractors" ("Id", "WordId", "DistractorId", "CreatedAt", "UpdatedAt") 
                  VALUES ('5373d3fe-c86d-4a17-8228-367379e14227', '114cf0f1-80b0-4cb1-aa3d-ac50595a0abd', '8e46a2ac-1c10-406e-b16f-5a9b5f11c41b', '2025-03-26T14:51:39.658693+00:00', '2025-03-26T14:51:39.658693+00:00');
INSERT INTO "WordDistractors" ("Id", "WordId", "DistractorId", "CreatedAt", "UpdatedAt") 
                  VALUES ('7d4c0b70-a5bb-4c5f-9e26-bdd9ec21835f', '114cf0f1-80b0-4cb1-aa3d-ac50595a0abd', 'd3e8897c-c4e9-42de-840d-d8eff81f895e', '2025-03-26T14:51:39.658693+00:00', '2025-03-26T14:51:39.658693+00:00');
INSERT INTO "WordDistractors" ("Id", "WordId", "DistractorId", "CreatedAt", "UpdatedAt") 
                  VALUES ('4bf7574b-dc89-4a23-aae7-6543e0f7c0ca', '114cf0f1-80b0-4cb1-aa3d-ac50595a0abd', '768eddd8-9e4e-4c86-961b-dac970b38bec', '2025-03-26T14:51:39.658693+00:00', '2025-03-26T14:51:39.658693+00:00');
INSERT INTO "WordDistractors" ("Id", "WordId", "DistractorId", "CreatedAt", "UpdatedAt") 
                  VALUES ('c97f9e99-d1dc-4515-a3f2-97fa149737ae', 'e93cc0fd-feff-4f1e-a465-f72d4c52e977', '37000bc4-1664-4874-b5fc-956c94d38406', '2025-03-26T14:51:39.658693+00:00', '2025-03-26T14:51:39.658693+00:00');
INSERT INTO "WordDistractors" ("Id", "WordId", "DistractorId", "CreatedAt", "UpdatedAt") 
                  VALUES ('8f022acb-ce52-4902-805c-4e37ef0f14e8', 'e93cc0fd-feff-4f1e-a465-f72d4c52e977', 'd52aca5d-c86f-43db-8c32-de93addf7c85', '2025-03-26T14:51:39.658693+00:00', '2025-03-26T14:51:39.658693+00:00');
INSERT INTO "WordDistractors" ("Id", "WordId", "DistractorId", "CreatedAt", "UpdatedAt") 
                  VALUES ('bddb0f33-f09e-4944-9d3f-27832424dd93', 'e93cc0fd-feff-4f1e-a465-f72d4c52e977', '6951d129-5e53-4c2b-9524-bdbff9e07ab9', '2025-03-26T14:51:39.658693+00:00', '2025-03-26T14:51:39.658693+00:00');
INSERT INTO "WordDistractors" ("Id", "WordId", "DistractorId", "CreatedAt", "UpdatedAt") 
                  VALUES ('716536e3-61c6-4576-9458-d54e9b357a4d', '35ed6dd8-5975-4386-b804-9c940d5d6c25', 'cb95a6e7-1f96-4ff4-928f-9871d008e22f', '2025-03-26T14:51:39.658693+00:00', '2025-03-26T14:51:39.658693+00:00');
INSERT INTO "WordDistractors" ("Id", "WordId", "DistractorId", "CreatedAt", "UpdatedAt") 
                  VALUES ('ad4c974a-853a-4509-909f-b75f41bef781', '35ed6dd8-5975-4386-b804-9c940d5d6c25', 'f462fcd6-540e-4d35-bdaa-bca5ab99a363', '2025-03-26T14:51:39.658693+00:00', '2025-03-26T14:51:39.658693+00:00');
INSERT INTO "WordDistractors" ("Id", "WordId", "DistractorId", "CreatedAt", "UpdatedAt") 
                  VALUES ('d431c07c-89e0-461a-bbe7-24eaaed8e812', '35ed6dd8-5975-4386-b804-9c940d5d6c25', '823e41cd-daea-4615-8a32-50748383115d', '2025-03-26T14:51:39.658693+00:00', '2025-03-26T14:51:39.658693+00:00');
INSERT INTO "WordDistractors" ("Id", "WordId", "DistractorId", "CreatedAt", "UpdatedAt") 
                  VALUES ('ec66e998-86f3-4c3a-843a-5a0b06a32d43', 'ecb2a537-682e-4ead-80b3-9e90cfae2dde', 'c49f9947-c905-43ae-8ea1-c33894e95daf', '2025-03-26T14:51:39.658693+00:00', '2025-03-26T14:51:39.658693+00:00');
INSERT INTO "WordDistractors" ("Id", "WordId", "DistractorId", "CreatedAt", "UpdatedAt") 
                  VALUES ('fa811841-0657-4256-aaa7-d0d108c8bc24', 'ecb2a537-682e-4ead-80b3-9e90cfae2dde', '34f36160-3b94-4879-95f5-ade2da880298', '2025-03-26T14:51:39.658693+00:00', '2025-03-26T14:51:39.658693+00:00');
INSERT INTO "WordDistractors" ("Id", "WordId", "DistractorId", "CreatedAt", "UpdatedAt") 
                  VALUES ('8360116d-117a-4c09-a474-c41cd891fca6', 'ecb2a537-682e-4ead-80b3-9e90cfae2dde', 'f0416cbd-da65-49f6-afdd-c1cab536038b', '2025-03-26T14:51:39.658693+00:00', '2025-03-26T14:51:39.658693+00:00');
INSERT INTO "WordDistractors" ("Id", "WordId", "DistractorId", "CreatedAt", "UpdatedAt") 
                  VALUES ('06231ae9-c1f6-4ea7-bcfe-8f7d120d1f7c', 'd3e8897c-c4e9-42de-840d-d8eff81f895e', 'e015bca0-9231-446e-b186-84c18c359d81', '2025-03-26T14:51:39.658693+00:00', '2025-03-26T14:51:39.658693+00:00');
INSERT INTO "WordDistractors" ("Id", "WordId", "DistractorId", "CreatedAt", "UpdatedAt") 
                  VALUES ('5ecf0d76-0c6b-404b-8006-f6416e93d11c', 'd3e8897c-c4e9-42de-840d-d8eff81f895e', '8d5c4b82-d4d2-4799-baaa-7f84a51782a9', '2025-03-26T14:51:39.658693+00:00', '2025-03-26T14:51:39.658693+00:00');
INSERT INTO "WordDistractors" ("Id", "WordId", "DistractorId", "CreatedAt", "UpdatedAt") 
                  VALUES ('79cbaed0-ce05-44d8-a31f-9ae25f7276aa', 'd3e8897c-c4e9-42de-840d-d8eff81f895e', '768eddd8-9e4e-4c86-961b-dac970b38bec', '2025-03-26T14:51:39.658693+00:00', '2025-03-26T14:51:39.658693+00:00');
INSERT INTO "WordDistractors" ("Id", "WordId", "DistractorId", "CreatedAt", "UpdatedAt") 
                  VALUES ('7d515f34-6a27-4ed8-8693-b18641d72e92', 'd52aca5d-c86f-43db-8c32-de93addf7c85', '8e46a2ac-1c10-406e-b16f-5a9b5f11c41b', '2025-03-26T14:51:39.658693+00:00', '2025-03-26T14:51:39.658693+00:00');
INSERT INTO "WordDistractors" ("Id", "WordId", "DistractorId", "CreatedAt", "UpdatedAt") 
                  VALUES ('0bdc038c-2b94-43e6-94f4-d5ec37bf4710', 'd52aca5d-c86f-43db-8c32-de93addf7c85', 'd8ac56be-0d22-44f6-8466-82a715c11de7', '2025-03-26T14:51:39.658693+00:00', '2025-03-26T14:51:39.658693+00:00');
INSERT INTO "WordDistractors" ("Id", "WordId", "DistractorId", "CreatedAt", "UpdatedAt") 
                  VALUES ('d919385b-af2d-4616-b14b-9a727f215b20', 'd52aca5d-c86f-43db-8c32-de93addf7c85', 'e015bca0-9231-446e-b186-84c18c359d81', '2025-03-26T14:51:39.658693+00:00', '2025-03-26T14:51:39.658693+00:00');
INSERT INTO "WordDistractors" ("Id", "WordId", "DistractorId", "CreatedAt", "UpdatedAt") 
                  VALUES ('f00976ff-03cf-404d-985e-f72fd62f5737', '2bad1b95-511e-41ba-94ae-06f501c9a349', '0f9144cb-174d-43a1-87ef-500c6465a25d', '2025-03-26T14:51:39.658693+00:00', '2025-03-26T14:51:39.658693+00:00');
INSERT INTO "WordDistractors" ("Id", "WordId", "DistractorId", "CreatedAt", "UpdatedAt") 
                  VALUES ('9e5f04ff-7296-404d-9b3b-90784e1eb615', '2bad1b95-511e-41ba-94ae-06f501c9a349', '768eddd8-9e4e-4c86-961b-dac970b38bec', '2025-03-26T14:51:39.658693+00:00', '2025-03-26T14:51:39.658693+00:00');
INSERT INTO "WordDistractors" ("Id", "WordId", "DistractorId", "CreatedAt", "UpdatedAt") 
                  VALUES ('e2d8b564-40bd-4e0d-9a03-24cf18decdfe', '2bad1b95-511e-41ba-94ae-06f501c9a349', '94a24951-0429-4067-b7fb-0a2e6c550f8b', '2025-03-26T14:51:39.658693+00:00', '2025-03-26T14:51:39.658693+00:00');
INSERT INTO "WordDistractors" ("Id", "WordId", "DistractorId", "CreatedAt", "UpdatedAt") 
                  VALUES ('79b5b530-0be7-4631-b444-20e25464d31e', '8050cfe6-2055-4440-a7d9-fa5fc9d0e21c', 'bfe71de9-b07e-4b5f-8e94-45c8a7cb6eae', '2025-03-26T14:51:39.658693+00:00', '2025-03-26T14:51:39.658693+00:00');
INSERT INTO "WordDistractors" ("Id", "WordId", "DistractorId", "CreatedAt", "UpdatedAt") 
                  VALUES ('cdc8b90f-9d88-47a8-a42e-f01e3ce6315f', '8050cfe6-2055-4440-a7d9-fa5fc9d0e21c', 'd8ac56be-0d22-44f6-8466-82a715c11de7', '2025-03-26T14:51:39.658693+00:00', '2025-03-26T14:51:39.658693+00:00');
INSERT INTO "WordDistractors" ("Id", "WordId", "DistractorId", "CreatedAt", "UpdatedAt") 
                  VALUES ('6c731688-eaa7-45ed-b3e5-07502f6438ca', '8050cfe6-2055-4440-a7d9-fa5fc9d0e21c', '06e18527-6238-4f04-ba69-c275872d678e', '2025-03-26T14:51:39.658693+00:00', '2025-03-26T14:51:39.658693+00:00');
INSERT INTO "WordDistractors" ("Id", "WordId", "DistractorId", "CreatedAt", "UpdatedAt") 
                  VALUES ('69b8231e-9ac6-4235-8312-613f07538c03', '0c56d9d0-7c82-4b62-9898-843f115a0f44', 'bfe71de9-b07e-4b5f-8e94-45c8a7cb6eae', '2025-03-26T14:51:39.658693+00:00', '2025-03-26T14:51:39.658693+00:00');
INSERT INTO "WordDistractors" ("Id", "WordId", "DistractorId", "CreatedAt", "UpdatedAt") 
                  VALUES ('9cba013e-2ff9-4352-b0fa-488409d27fa3', '0c56d9d0-7c82-4b62-9898-843f115a0f44', 'e93cc0fd-feff-4f1e-a465-f72d4c52e977', '2025-03-26T14:51:39.658693+00:00', '2025-03-26T14:51:39.658693+00:00');
INSERT INTO "WordDistractors" ("Id", "WordId", "DistractorId", "CreatedAt", "UpdatedAt") 
                  VALUES ('80a3fc2c-5c39-4c45-b545-ed8e77f4ad17', '0c56d9d0-7c82-4b62-9898-843f115a0f44', '8e46a2ac-1c10-406e-b16f-5a9b5f11c41b', '2025-03-26T14:51:39.658693+00:00', '2025-03-26T14:51:39.658693+00:00');
INSERT INTO "WordDistractors" ("Id", "WordId", "DistractorId", "CreatedAt", "UpdatedAt") 
                  VALUES ('e79e5033-9b13-4855-90ac-a6d7e5984c34', '1dc6a8fd-fd94-49af-b2ce-b0ca5fc95246', '4dc23d2c-8924-4725-9395-36915ed2f531', '2025-03-26T14:51:39.658693+00:00', '2025-03-26T14:51:39.658693+00:00');
INSERT INTO "WordDistractors" ("Id", "WordId", "DistractorId", "CreatedAt", "UpdatedAt") 
                  VALUES ('ff5528d8-6aaa-48ac-9e7c-e9483cba21da', '1dc6a8fd-fd94-49af-b2ce-b0ca5fc95246', 'c49f9947-c905-43ae-8ea1-c33894e95daf', '2025-03-26T14:51:39.658693+00:00', '2025-03-26T14:51:39.658693+00:00');
INSERT INTO "WordDistractors" ("Id", "WordId", "DistractorId", "CreatedAt", "UpdatedAt") 
                  VALUES ('cb4621ae-8346-4d9f-9aae-c1d21ed1731f', '1dc6a8fd-fd94-49af-b2ce-b0ca5fc95246', '6c958722-0a68-4495-815c-c5a7b6135662', '2025-03-26T14:51:39.658693+00:00', '2025-03-26T14:51:39.658693+00:00');
INSERT INTO "WordDistractors" ("Id", "WordId", "DistractorId", "CreatedAt", "UpdatedAt") 
                  VALUES ('00a50446-664e-492e-89d0-fab8f3ddc31d', 'a4d24575-b573-4ec0-b06f-066561375108', '114cf0f1-80b0-4cb1-aa3d-ac50595a0abd', '2025-03-26T14:51:39.658693+00:00', '2025-03-26T14:51:39.658693+00:00');
INSERT INTO "WordDistractors" ("Id", "WordId", "DistractorId", "CreatedAt", "UpdatedAt") 
                  VALUES ('0a289754-381a-4be7-8ce1-830ba48ac192', 'a4d24575-b573-4ec0-b06f-066561375108', '1dc6a8fd-fd94-49af-b2ce-b0ca5fc95246', '2025-03-26T14:51:39.658693+00:00', '2025-03-26T14:51:39.658693+00:00');
INSERT INTO "WordDistractors" ("Id", "WordId", "DistractorId", "CreatedAt", "UpdatedAt") 
                  VALUES ('5c239ff1-b917-416c-aca2-b1c27752f856', 'a4d24575-b573-4ec0-b06f-066561375108', '8d5c4b82-d4d2-4799-baaa-7f84a51782a9', '2025-03-26T14:51:39.658693+00:00', '2025-03-26T14:51:39.658693+00:00');
INSERT INTO "WordBooks" ("Id", "WordBookName", "CreatedAt", "UpdatedAt") 
                     VALUES ('43b1bea2-39e7-49d7-b33a-78abc4ce092e', 'Test', '2025-03-26T14:51:39.658693+00:00', '2025-03-26T14:51:39.658693+00:00');
INSERT INTO "WordWordBooks" ("Id", "WordId", "BookId", "CreatedAt", "UpdatedAt") 
        VALUES ('74e8bf7a-fad7-4487-ad36-1fee56fd36c7', '06e18527-6238-4f04-ba69-c275872d678e', '43b1bea2-39e7-49d7-b33a-78abc4ce092e', '2025-03-26T14:51:39.658693+00:00', '2025-03-26T14:51:39.658693+00:00');
INSERT INTO "WordWordBooks" ("Id", "WordId", "BookId", "CreatedAt", "UpdatedAt") 
        VALUES ('5754f4ef-43c9-49b3-b349-18015fb62d8c', 'cb95a6e7-1f96-4ff4-928f-9871d008e22f', '43b1bea2-39e7-49d7-b33a-78abc4ce092e', '2025-03-26T14:51:39.658693+00:00', '2025-03-26T14:51:39.658693+00:00');
INSERT INTO "WordWordBooks" ("Id", "WordId", "BookId", "CreatedAt", "UpdatedAt") 
        VALUES ('98e0dd15-e217-4701-9ed5-e8e65592ddae', '813afbfc-740b-4f8b-9f29-06cafcdefe34', '43b1bea2-39e7-49d7-b33a-78abc4ce092e', '2025-03-26T14:51:39.658693+00:00', '2025-03-26T14:51:39.658693+00:00');
INSERT INTO "WordWordBooks" ("Id", "WordId", "BookId", "CreatedAt", "UpdatedAt") 
        VALUES ('5fb7e703-9c09-426d-abe3-727c95100acc', '8d5c4b82-d4d2-4799-baaa-7f84a51782a9', '43b1bea2-39e7-49d7-b33a-78abc4ce092e', '2025-03-26T14:51:39.658693+00:00', '2025-03-26T14:51:39.658693+00:00');
INSERT INTO "WordWordBooks" ("Id", "WordId", "BookId", "CreatedAt", "UpdatedAt") 
        VALUES ('730d708f-d93a-464a-8be8-44c1ba684063', 'e1f076e9-2ba2-4476-a7b1-92acf52cdfe2', '43b1bea2-39e7-49d7-b33a-78abc4ce092e', '2025-03-26T14:51:39.658693+00:00', '2025-03-26T14:51:39.658693+00:00');
INSERT INTO "WordWordBooks" ("Id", "WordId", "BookId", "CreatedAt", "UpdatedAt") 
        VALUES ('16eadfe7-1204-48a9-8333-a86238c7b4f2', '8e46a2ac-1c10-406e-b16f-5a9b5f11c41b', '43b1bea2-39e7-49d7-b33a-78abc4ce092e', '2025-03-26T14:51:39.658693+00:00', '2025-03-26T14:51:39.658693+00:00');
INSERT INTO "WordWordBooks" ("Id", "WordId", "BookId", "CreatedAt", "UpdatedAt") 
        VALUES ('ea1e78a3-b917-4079-8220-75725b5ea105', '37000bc4-1664-4874-b5fc-956c94d38406', '43b1bea2-39e7-49d7-b33a-78abc4ce092e', '2025-03-26T14:51:39.658693+00:00', '2025-03-26T14:51:39.658693+00:00');
INSERT INTO "WordWordBooks" ("Id", "WordId", "BookId", "CreatedAt", "UpdatedAt") 
        VALUES ('ba660b55-08ee-4f42-974f-259137009295', '6951d129-5e53-4c2b-9524-bdbff9e07ab9', '43b1bea2-39e7-49d7-b33a-78abc4ce092e', '2025-03-26T14:51:39.658693+00:00', '2025-03-26T14:51:39.658693+00:00');
INSERT INTO "WordWordBooks" ("Id", "WordId", "BookId", "CreatedAt", "UpdatedAt") 
        VALUES ('bfcc5bdf-fca9-45dd-93f3-61fe4ce72e29', '94a24951-0429-4067-b7fb-0a2e6c550f8b', '43b1bea2-39e7-49d7-b33a-78abc4ce092e', '2025-03-26T14:51:39.658693+00:00', '2025-03-26T14:51:39.658693+00:00');
INSERT INTO "WordWordBooks" ("Id", "WordId", "BookId", "CreatedAt", "UpdatedAt") 
        VALUES ('1dd40e63-0082-4724-857c-252f837d211b', 'e7c494d4-5dd1-4718-bbac-9569fa3788ad', '43b1bea2-39e7-49d7-b33a-78abc4ce092e', '2025-03-26T14:51:39.658693+00:00', '2025-03-26T14:51:39.658693+00:00');
INSERT INTO "WordWordBooks" ("Id", "WordId", "BookId", "CreatedAt", "UpdatedAt") 
        VALUES ('e55361ed-2f45-4674-96af-25ff0c9899ab', 'f81ae224-2999-42d0-94a3-3b459a705682', '43b1bea2-39e7-49d7-b33a-78abc4ce092e', '2025-03-26T14:51:39.658693+00:00', '2025-03-26T14:51:39.658693+00:00');
INSERT INTO "WordWordBooks" ("Id", "WordId", "BookId", "CreatedAt", "UpdatedAt") 
        VALUES ('47dab01f-ed17-4cee-a80d-484932f7b6e1', 'e4050678-a860-404b-800d-9e9da0fe8630', '43b1bea2-39e7-49d7-b33a-78abc4ce092e', '2025-03-26T14:51:39.658693+00:00', '2025-03-26T14:51:39.658693+00:00');
INSERT INTO "WordWordBooks" ("Id", "WordId", "BookId", "CreatedAt", "UpdatedAt") 
        VALUES ('c5902611-2829-4474-bae2-838e0918b74e', '768eddd8-9e4e-4c86-961b-dac970b38bec', '43b1bea2-39e7-49d7-b33a-78abc4ce092e', '2025-03-26T14:51:39.658693+00:00', '2025-03-26T14:51:39.658693+00:00');
INSERT INTO "WordWordBooks" ("Id", "WordId", "BookId", "CreatedAt", "UpdatedAt") 
        VALUES ('f554c7fb-e187-4487-99a6-f1f598f87ac2', '4dc23d2c-8924-4725-9395-36915ed2f531', '43b1bea2-39e7-49d7-b33a-78abc4ce092e', '2025-03-26T14:51:39.658693+00:00', '2025-03-26T14:51:39.658693+00:00');
INSERT INTO "WordWordBooks" ("Id", "WordId", "BookId", "CreatedAt", "UpdatedAt") 
        VALUES ('9a5e6e9f-fdca-4670-b330-0ee10909b84e', 'f462fcd6-540e-4d35-bdaa-bca5ab99a363', '43b1bea2-39e7-49d7-b33a-78abc4ce092e', '2025-03-26T14:51:39.658693+00:00', '2025-03-26T14:51:39.658693+00:00');
INSERT INTO "WordWordBooks" ("Id", "WordId", "BookId", "CreatedAt", "UpdatedAt") 
        VALUES ('e171298d-2fa2-4d61-960e-eb5091412c95', 'c49f9947-c905-43ae-8ea1-c33894e95daf', '43b1bea2-39e7-49d7-b33a-78abc4ce092e', '2025-03-26T14:51:39.658693+00:00', '2025-03-26T14:51:39.658693+00:00');
INSERT INTO "WordWordBooks" ("Id", "WordId", "BookId", "CreatedAt", "UpdatedAt") 
        VALUES ('a1e74f2b-3130-44bb-844e-8a4b1a0df756', '0f9144cb-174d-43a1-87ef-500c6465a25d', '43b1bea2-39e7-49d7-b33a-78abc4ce092e', '2025-03-26T14:51:39.658693+00:00', '2025-03-26T14:51:39.658693+00:00');
INSERT INTO "WordWordBooks" ("Id", "WordId", "BookId", "CreatedAt", "UpdatedAt") 
        VALUES ('e8fe2e51-2d4e-4a2c-949a-5d7544b03a30', 'f0416cbd-da65-49f6-afdd-c1cab536038b', '43b1bea2-39e7-49d7-b33a-78abc4ce092e', '2025-03-26T14:51:39.658693+00:00', '2025-03-26T14:51:39.658693+00:00');
INSERT INTO "WordWordBooks" ("Id", "WordId", "BookId", "CreatedAt", "UpdatedAt") 
        VALUES ('b7c1c3ec-15e4-4dea-b9bf-9b33b6e164a7', '14dcaff6-574e-4ad9-a985-f9e6f8ef1264', '43b1bea2-39e7-49d7-b33a-78abc4ce092e', '2025-03-26T14:51:39.658693+00:00', '2025-03-26T14:51:39.658693+00:00');
INSERT INTO "WordWordBooks" ("Id", "WordId", "BookId", "CreatedAt", "UpdatedAt") 
        VALUES ('e021b50d-15b4-4f10-af97-fb41da292c76', 'dc9bfd4e-ddae-4789-818b-db611b2eab15', '43b1bea2-39e7-49d7-b33a-78abc4ce092e', '2025-03-26T14:51:39.658693+00:00', '2025-03-26T14:51:39.658693+00:00');
INSERT INTO "WordWordBooks" ("Id", "WordId", "BookId", "CreatedAt", "UpdatedAt") 
        VALUES ('2a75e277-5ecc-4108-bb9a-064c6e19e6cc', '823e41cd-daea-4615-8a32-50748383115d', '43b1bea2-39e7-49d7-b33a-78abc4ce092e', '2025-03-26T14:51:39.658693+00:00', '2025-03-26T14:51:39.658693+00:00');
INSERT INTO "WordWordBooks" ("Id", "WordId", "BookId", "CreatedAt", "UpdatedAt") 
        VALUES ('c5d9b2da-b612-41f0-9688-2618863ba408', '8e4d6616-8f21-4753-8483-bad3f8d45928', '43b1bea2-39e7-49d7-b33a-78abc4ce092e', '2025-03-26T14:51:39.658693+00:00', '2025-03-26T14:51:39.658693+00:00');
INSERT INTO "WordWordBooks" ("Id", "WordId", "BookId", "CreatedAt", "UpdatedAt") 
        VALUES ('b4d6a386-4340-4732-b4a5-34a73b66c51e', 'd500034f-9465-4b30-96ca-02fefd12fc67', '43b1bea2-39e7-49d7-b33a-78abc4ce092e', '2025-03-26T14:51:39.658693+00:00', '2025-03-26T14:51:39.658693+00:00');
INSERT INTO "WordWordBooks" ("Id", "WordId", "BookId", "CreatedAt", "UpdatedAt") 
        VALUES ('8f64e250-e408-4a6f-a356-100be0e6176a', '5062a48a-91a6-4441-9b2a-a80b4cccbacf', '43b1bea2-39e7-49d7-b33a-78abc4ce092e', '2025-03-26T14:51:39.658693+00:00', '2025-03-26T14:51:39.658693+00:00');
INSERT INTO "WordWordBooks" ("Id", "WordId", "BookId", "CreatedAt", "UpdatedAt") 
        VALUES ('33700d1b-1fa7-4c2f-af4e-afe622ef7e85', 'e015bca0-9231-446e-b186-84c18c359d81', '43b1bea2-39e7-49d7-b33a-78abc4ce092e', '2025-03-26T14:51:39.658693+00:00', '2025-03-26T14:51:39.658693+00:00');
INSERT INTO "WordWordBooks" ("Id", "WordId", "BookId", "CreatedAt", "UpdatedAt") 
        VALUES ('5552442a-7c54-4593-afeb-1dd4f8ea2dc1', '128890ce-5e1f-4eba-a05d-b8215a750019', '43b1bea2-39e7-49d7-b33a-78abc4ce092e', '2025-03-26T14:51:39.658693+00:00', '2025-03-26T14:51:39.658693+00:00');
INSERT INTO "WordWordBooks" ("Id", "WordId", "BookId", "CreatedAt", "UpdatedAt") 
        VALUES ('fea63584-7087-44d2-b16b-155a1796038a', '65b81d26-e0dc-471e-9fcf-374f08170a08', '43b1bea2-39e7-49d7-b33a-78abc4ce092e', '2025-03-26T14:51:39.658693+00:00', '2025-03-26T14:51:39.658693+00:00');
INSERT INTO "WordWordBooks" ("Id", "WordId", "BookId", "CreatedAt", "UpdatedAt") 
        VALUES ('6caa126b-8699-4f5f-afc2-48270acfa8a9', 'bfe71de9-b07e-4b5f-8e94-45c8a7cb6eae', '43b1bea2-39e7-49d7-b33a-78abc4ce092e', '2025-03-26T14:51:39.658693+00:00', '2025-03-26T14:51:39.658693+00:00');
INSERT INTO "WordWordBooks" ("Id", "WordId", "BookId", "CreatedAt", "UpdatedAt") 
        VALUES ('9b0606f0-b109-4a67-b467-e07d9ef02303', '34f36160-3b94-4879-95f5-ade2da880298', '43b1bea2-39e7-49d7-b33a-78abc4ce092e', '2025-03-26T14:51:39.658693+00:00', '2025-03-26T14:51:39.658693+00:00');
INSERT INTO "WordWordBooks" ("Id", "WordId", "BookId", "CreatedAt", "UpdatedAt") 
        VALUES ('38a5b785-6737-4da6-8748-e47c57824651', 'd70f4a4e-5e00-4cd7-b449-112868047216', '43b1bea2-39e7-49d7-b33a-78abc4ce092e', '2025-03-26T14:51:39.658693+00:00', '2025-03-26T14:51:39.658693+00:00');
INSERT INTO "WordWordBooks" ("Id", "WordId", "BookId", "CreatedAt", "UpdatedAt") 
        VALUES ('a37299c2-18b9-403b-96d9-fa5d4f1b819e', 'a0b86ed5-04e1-4f0b-8a7a-95a400f56acb', '43b1bea2-39e7-49d7-b33a-78abc4ce092e', '2025-03-26T14:51:39.658693+00:00', '2025-03-26T14:51:39.658693+00:00');
INSERT INTO "WordWordBooks" ("Id", "WordId", "BookId", "CreatedAt", "UpdatedAt") 
        VALUES ('2ed814b3-1c94-47bd-a3b1-86249dba7d43', 'dbda550e-1a5f-430f-bc01-98e1fb3dfe33', '43b1bea2-39e7-49d7-b33a-78abc4ce092e', '2025-03-26T14:51:39.658693+00:00', '2025-03-26T14:51:39.658693+00:00');
INSERT INTO "WordWordBooks" ("Id", "WordId", "BookId", "CreatedAt", "UpdatedAt") 
        VALUES ('544f7157-97c0-4b66-bc88-fd8bb980d13c', 'd14bdc6b-2724-4ad0-888e-56ed4a441a39', '43b1bea2-39e7-49d7-b33a-78abc4ce092e', '2025-03-26T14:51:39.658693+00:00', '2025-03-26T14:51:39.658693+00:00');
INSERT INTO "WordWordBooks" ("Id", "WordId", "BookId", "CreatedAt", "UpdatedAt") 
        VALUES ('42f92779-df6a-4dbc-b51b-e4c65e14c9a8', '0296edc4-a316-44a8-8d72-22fb8cb9217f', '43b1bea2-39e7-49d7-b33a-78abc4ce092e', '2025-03-26T14:51:39.658693+00:00', '2025-03-26T14:51:39.658693+00:00');
INSERT INTO "WordWordBooks" ("Id", "WordId", "BookId", "CreatedAt", "UpdatedAt") 
        VALUES ('92dc3e49-6de6-4e01-b379-ba3bc7740391', 'd8ac56be-0d22-44f6-8466-82a715c11de7', '43b1bea2-39e7-49d7-b33a-78abc4ce092e', '2025-03-26T14:51:39.658693+00:00', '2025-03-26T14:51:39.658693+00:00');
INSERT INTO "WordWordBooks" ("Id", "WordId", "BookId", "CreatedAt", "UpdatedAt") 
        VALUES ('3b082ac7-0422-4303-992d-3b9798a19338', '6c958722-0a68-4495-815c-c5a7b6135662', '43b1bea2-39e7-49d7-b33a-78abc4ce092e', '2025-03-26T14:51:39.658693+00:00', '2025-03-26T14:51:39.658693+00:00');
INSERT INTO "WordWordBooks" ("Id", "WordId", "BookId", "CreatedAt", "UpdatedAt") 
        VALUES ('4727a8a9-d819-44fc-a49a-98f8db035d58', '8f519f3a-105d-4fc3-9f75-fe0161424336', '43b1bea2-39e7-49d7-b33a-78abc4ce092e', '2025-03-26T14:51:39.658693+00:00', '2025-03-26T14:51:39.658693+00:00');
INSERT INTO "WordWordBooks" ("Id", "WordId", "BookId", "CreatedAt", "UpdatedAt") 
        VALUES ('e3553d53-25d3-4b27-b25e-f3a79741164d', '43702bb0-8ca2-4681-8f67-5c550548eaed', '43b1bea2-39e7-49d7-b33a-78abc4ce092e', '2025-03-26T14:51:39.658693+00:00', '2025-03-26T14:51:39.658693+00:00');
INSERT INTO "WordWordBooks" ("Id", "WordId", "BookId", "CreatedAt", "UpdatedAt") 
        VALUES ('bcad1363-c483-492b-b26c-568efa718304', '70614a54-57d1-4051-b31d-f09de31e90dc', '43b1bea2-39e7-49d7-b33a-78abc4ce092e', '2025-03-26T14:51:39.658693+00:00', '2025-03-26T14:51:39.658693+00:00');
INSERT INTO "WordWordBooks" ("Id", "WordId", "BookId", "CreatedAt", "UpdatedAt") 
        VALUES ('ad6d8251-beb4-485f-99b3-2acbda8233c1', '114cf0f1-80b0-4cb1-aa3d-ac50595a0abd', '43b1bea2-39e7-49d7-b33a-78abc4ce092e', '2025-03-26T14:51:39.658693+00:00', '2025-03-26T14:51:39.658693+00:00');
INSERT INTO "WordWordBooks" ("Id", "WordId", "BookId", "CreatedAt", "UpdatedAt") 
        VALUES ('4d1e4f73-554c-41bc-847d-4ae6401017a7', 'e93cc0fd-feff-4f1e-a465-f72d4c52e977', '43b1bea2-39e7-49d7-b33a-78abc4ce092e', '2025-03-26T14:51:39.658693+00:00', '2025-03-26T14:51:39.658693+00:00');
INSERT INTO "WordWordBooks" ("Id", "WordId", "BookId", "CreatedAt", "UpdatedAt") 
        VALUES ('ffffff03-f58f-4dd4-b576-2ccf8b5e8120', '35ed6dd8-5975-4386-b804-9c940d5d6c25', '43b1bea2-39e7-49d7-b33a-78abc4ce092e', '2025-03-26T14:51:39.658693+00:00', '2025-03-26T14:51:39.658693+00:00');
INSERT INTO "WordWordBooks" ("Id", "WordId", "BookId", "CreatedAt", "UpdatedAt") 
        VALUES ('6ca5c077-1911-48d8-a2b3-a23f50209bfe', 'ecb2a537-682e-4ead-80b3-9e90cfae2dde', '43b1bea2-39e7-49d7-b33a-78abc4ce092e', '2025-03-26T14:51:39.658693+00:00', '2025-03-26T14:51:39.658693+00:00');
INSERT INTO "WordWordBooks" ("Id", "WordId", "BookId", "CreatedAt", "UpdatedAt") 
        VALUES ('63e8d6ba-138a-4319-9fa1-8adbe6d6ee98', 'd3e8897c-c4e9-42de-840d-d8eff81f895e', '43b1bea2-39e7-49d7-b33a-78abc4ce092e', '2025-03-26T14:51:39.658693+00:00', '2025-03-26T14:51:39.658693+00:00');
INSERT INTO "WordWordBooks" ("Id", "WordId", "BookId", "CreatedAt", "UpdatedAt") 
        VALUES ('4bdf3528-9651-444c-8379-138dfd184b41', 'd52aca5d-c86f-43db-8c32-de93addf7c85', '43b1bea2-39e7-49d7-b33a-78abc4ce092e', '2025-03-26T14:51:39.658693+00:00', '2025-03-26T14:51:39.658693+00:00');
INSERT INTO "WordWordBooks" ("Id", "WordId", "BookId", "CreatedAt", "UpdatedAt") 
        VALUES ('02e60e84-4276-426f-a543-7db68ceda96a', '2bad1b95-511e-41ba-94ae-06f501c9a349', '43b1bea2-39e7-49d7-b33a-78abc4ce092e', '2025-03-26T14:51:39.658693+00:00', '2025-03-26T14:51:39.658693+00:00');
INSERT INTO "WordWordBooks" ("Id", "WordId", "BookId", "CreatedAt", "UpdatedAt") 
        VALUES ('7749ff6b-9c02-43ed-85eb-84bdbee7731a', '8050cfe6-2055-4440-a7d9-fa5fc9d0e21c', '43b1bea2-39e7-49d7-b33a-78abc4ce092e', '2025-03-26T14:51:39.658693+00:00', '2025-03-26T14:51:39.658693+00:00');
INSERT INTO "WordWordBooks" ("Id", "WordId", "BookId", "CreatedAt", "UpdatedAt") 
        VALUES ('8cc58449-c3c0-462c-869a-825e7f69ddf3', '0c56d9d0-7c82-4b62-9898-843f115a0f44', '43b1bea2-39e7-49d7-b33a-78abc4ce092e', '2025-03-26T14:51:39.658693+00:00', '2025-03-26T14:51:39.658693+00:00');
INSERT INTO "WordWordBooks" ("Id", "WordId", "BookId", "CreatedAt", "UpdatedAt") 
        VALUES ('362be1b6-31b9-4596-b497-0d1eebdb7091', '1dc6a8fd-fd94-49af-b2ce-b0ca5fc95246', '43b1bea2-39e7-49d7-b33a-78abc4ce092e', '2025-03-26T14:51:39.658693+00:00', '2025-03-26T14:51:39.658693+00:00');
INSERT INTO "WordWordBooks" ("Id", "WordId", "BookId", "CreatedAt", "UpdatedAt") 
        VALUES ('041511d9-35a9-4f80-98a1-27dbb2760186', 'a4d24575-b573-4ec0-b06f-066561375108', '43b1bea2-39e7-49d7-b33a-78abc4ce092e', '2025-03-26T14:51:39.658693+00:00', '2025-03-26T14:51:39.658693+00:00');